recording_id,s0,s1,s2,s3,s4,s5,s6,s7,s8,s9,s10,s11,s12,s13,s14,s15,s16,s17,s18,s19,s20,s21,s22,s23
000316da7,,,,,,,,,,,,,,,,,,,,,,,,
003bc2cb2,,,,,,,,,,,,,,,,,,,,,,,,
0061c037e,,,,,,,,,,,,,,,,,,,,,,,,
010eb14d3,,,,,,,,,,,,,,,,,,,,,,,,
011318064,,,,,,,,,,,,,,,,,,,,,,,,
01307e693,,,,,,,,,,,,,,,,,,,,,,,,
013bd8b85,,,,,,,,,,,,,,,,,,,,,,,,
01812f522,,,,,,,,,,,,,,,,,,,,,,,,
019db5220,,,,,,,,,,,,,,,,,,,,,,,,
01bd97dd6,,,,,,,,,,,,,,,,,,,,,,,,
01d36def5,,,,,,,,,,,,,,,,,,,,,,,,
01fefebcb,,,,,,,,,,,,,,,,,,,,,,,,
0208fec47,,,,,,,,,,,,,,,,,,,,,,,,
0232841d4,,,,,,,,,,,,,,,,,,,,,,,,
02c30604d,,,,,,,,,,,,,,,,,,,,,,,,
02dbcc383,,,,,,,,,,,,,,,,,,,,,,,,
0303dee3c,,,,,,,,,,,,,,,,,,,,,,,,
034f46152,,,,,,,,,,,,,,,,,,,,,,,,
037460d90,,,,,,,,,,,,,,,,,,,,,,,,
039395460,,,,,,,,,,,,,,,,,,,,,,,,
039892ae3,,,,,,,,,,,,,,,,,,,,,,,,
03a06a709,,,,,,,,,,,,,,,,,,,,,,,,
03a9a5b2a,,,,,,,,,,,,,,,,,,,,,,,,
03d0c7428,,,,,,,,,,,,,,,,,,,,,,,,
03f5a4505,,,,,,,,,,,,,,,,,,,,,,,,
03f8931a1,,,,,,,,,,,,,,,,,,,,,,,,
04053cd3e,,,,,,,,,,,,,,,,,,,,,,,,
040d4f0d5,,,,,,,,,,,,,,,,,,,,,,,,
042a6c838,,,,,,,,,,,,,,,,,,,,,,,,
044173e0d,,,,,,,,,,,,,,,,,,,,,,,,
04496d53a,,,,,,,,,,,,,,,,,,,,,,,,
0465bce22,,,,,,,,,,,,,,,,,,,,,,,,
047a7c4bf,,,,,,,,,,,,,,,,,,,,,,,,
048b0a17d,,,,,,,,,,,,,,,,,,,,,,,,
048b8700d,,,,,,,,,,,,,,,,,,,,,,,,
04997b478,,,,,,,,,,,,,,,,,,,,,,,,
04aa83271,,,,,,,,,,,,,,,,,,,,,,,,
04aef0297,,,,,,,,,,,,,,,,,,,,,,,,
04e21ba1b,,,,,,,,,,,,,,,,,,,,,,,,
04f07f088,,,,,,,,,,,,,,,,,,,,,,,,
052b35029,,,,,,,,,,,,,,,,,,,,,,,,
053f5fe34,,,,,,,,,,,,,,,,,,,,,,,,
059859ca1,,,,,,,,,,,,,,,,,,,,,,,,
05d2c9fbc,,,,,,,,,,,,,,,,,,,,,,,,
06011bbad,,,,,,,,,,,,,,,,,,,,,,,,
06355ced6,,,,,,,,,,,,,,,,,,,,,,,,
0637cd357,,,,,,,,,,,,,,,,,,,,,,,,
06677c2a1,,,,,,,,,,,,,,,,,,,,,,,,
06d3bbdd6,,,,,,,,,,,,,,,,,,,,,,,,
06ee4df67,,,,,,,,,,,,,,,,,,,,,,,,
0724b938e,,,,,,,,,,,,,,,,,,,,,,,,
0728b2d37,,,,,,,,,,,,,,,,,,,,,,,,
0769cc41f,,,,,,,,,,,,,,,,,,,,,,,,
076d267e9,,,,,,,,,,,,,,,,,,,,,,,,
07758f213,,,,,,,,,,,,,,,,,,,,,,,,
07d477123,,,,,,,,,,,,,,,,,,,,,,,,
07e8a69a4,,,,,,,,,,,,,,,,,,,,,,,,
0882a07d2,,,,,,,,,,,,,,,,,,,,,,,,
08aaf51a8,,,,,,,,,,,,,,,,,,,,,,,,
08b58f0b0,,,,,,,,,,,,,,,,,,,,,,,,
08c11ec6e,,,,,,,,,,,,,,,,,,,,,,,,
090d27329,,,,,,,,,,,,,,,,,,,,,,,,
0966a30a3,,,,,,,,,,,,,,,,,,,,,,,,
097c4f536,,,,,,,,,,,,,,,,,,,,,,,,
099b55467,,,,,,,,,,,,,,,,,,,,,,,,
09cf1cd6b,,,,,,,,,,,,,,,,,,,,,,,,
09ffed9c0,,,,,,,,,,,,,,,,,,,,,,,,
0a45adab2,,,,,,,,,,,,,,,,,,,,,,,,
0a64c67f8,,,,,,,,,,,,,,,,,,,,,,,,
0a6a36fb6,,,,,,,,,,,,,,,,,,,,,,,,
0a930ca0f,,,,,,,,,,,,,,,,,,,,,,,,
0ae65727d,,,,,,,,,,,,,,,,,,,,,,,,
0b13e273c,,,,,,,,,,,,,,,,,,,,,,,,
0b2d25d62,,,,,,,,,,,,,,,,,,,,,,,,
0b3cbd762,,,,,,,,,,,,,,,,,,,,,,,,
0b42e54ab,,,,,,,,,,,,,,,,,,,,,,,,
0b7f599cf,,,,,,,,,,,,,,,,,,,,,,,,
0ba908079,,,,,,,,,,,,,,,,,,,,,,,,
0baed3c67,,,,,,,,,,,,,,,,,,,,,,,,
0bcb177ea,,,,,,,,,,,,,,,,,,,,,,,,
0bd8a0e62,,,,,,,,,,,,,,,,,,,,,,,,
0be3a4baa,,,,,,,,,,,,,,,,,,,,,,,,
0c4d6a79e,,,,,,,,,,,,,,,,,,,,,,,,
0c5143157,,,,,,,,,,,,,,,,,,,,,,,,
0c7a15b50,,,,,,,,,,,,,,,,,,,,,,,,
0cbcff74d,,,,,,,,,,,,,,,,,,,,,,,,
0cc9654d3,,,,,,,,,,,,,,,,,,,,,,,,
0ce6c3971,,,,,,,,,,,,,,,,,,,,,,,,
0cff61a28,,,,,,,,,,,,,,,,,,,,,,,,
0d2419e0e,,,,,,,,,,,,,,,,,,,,,,,,
0d999c656,,,,,,,,,,,,,,,,,,,,,,,,
0da661bf4,,,,,,,,,,,,,,,,,,,,,,,,
0dc380aa8,,,,,,,,,,,,,,,,,,,,,,,,
0dda9e6b1,,,,,,,,,,,,,,,,,,,,,,,,
0ddf2b7a6,,,,,,,,,,,,,,,,,,,,,,,,
0def49130,,,,,,,,,,,,,,,,,,,,,,,,
0e09adfe9,,,,,,,,,,,,,,,,,,,,,,,,
0e1fe96bd,,,,,,,,,,,,,,,,,,,,,,,,
0e42bd11e,,,,,,,,,,,,,,,,,,,,,,,,
0e6dadd1b,,,,,,,,,,,,,,,,,,,,,,,,
0e7bdb0b3,,,,,,,,,,,,,,,,,,,,,,,,
0ea504d17,,,,,,,,,,,,,,,,,,,,,,,,
0ea77d7b7,,,,,,,,,,,,,,,,,,,,,,,,
0ec1aeda1,,,,,,,,,,,,,,,,,,,,,,,,
0ec3209e2,,,,,,,,,,,,,,,,,,,,,,,,
0ec7eb8e7,,,,,,,,,,,,,,,,,,,,,,,,
0f0e300fb,,,,,,,,,,,,,,,,,,,,,,,,
0f435eee1,,,,,,,,,,,,,,,,,,,,,,,,
0f52cfeeb,,,,,,,,,,,,,,,,,,,,,,,,
0f97e5ee5,,,,,,,,,,,,,,,,,,,,,,,,
0fa0af606,,,,,,,,,,,,,,,,,,,,,,,,
0fdab4b3c,,,,,,,,,,,,,,,,,,,,,,,,
0fef36a05,,,,,,,,,,,,,,,,,,,,,,,,
101e55d43,,,,,,,,,,,,,,,,,,,,,,,,
10788adbc,,,,,,,,,,,,,,,,,,,,,,,,
109557c57,,,,,,,,,,,,,,,,,,,,,,,,
10b07068d,,,,,,,,,,,,,,,,,,,,,,,,
10b235de1,,,,,,,,,,,,,,,,,,,,,,,,
10b4e296d,,,,,,,,,,,,,,,,,,,,,,,,
10d58c6f5,,,,,,,,,,,,,,,,,,,,,,,,
10fa28496,,,,,,,,,,,,,,,,,,,,,,,,
10fe3b80f,,,,,,,,,,,,,,,,,,,,,,,,
10ffc39bc,,,,,,,,,,,,,,,,,,,,,,,,
112e45fc4,,,,,,,,,,,,,,,,,,,,,,,,
11306b782,,,,,,,,,,,,,,,,,,,,,,,,
117d9a7c1,,,,,,,,,,,,,,,,,,,,,,,,
1202a2650,,,,,,,,,,,,,,,,,,,,,,,,
1216bdea4,,,,,,,,,,,,,,,,,,,,,,,,
1246e017b,,,,,,,,,,,,,,,,,,,,,,,,
124a84f36,,,,,,,,,,,,,,,,,,,,,,,,
12a4d9e95,,,,,,,,,,,,,,,,,,,,,,,,
12b81575a,,,,,,,,,,,,,,,,,,,,,,,,
131a6848a,,,,,,,,,,,,,,,,,,,,,,,,
133bdbd34,,,,,,,,,,,,,,,,,,,,,,,,
135c4d0ab,,,,,,,,,,,,,,,,,,,,,,,,
13d9ca101,,,,,,,,,,,,,,,,,,,,,,,,
143d47752,,,,,,,,,,,,,,,,,,,,,,,,
14ac0cbc1,,,,,,,,,,,,,,,,,,,,,,,,
1519c960b,,,,,,,,,,,,,,,,,,,,,,,,
153152f1b,,,,,,,,,,,,,,,,,,,,,,,,
154009f6f,,,,,,,,,,,,,,,,,,,,,,,,
1595d8520,,,,,,,,,,,,,,,,,,,,,,,,
16211f6f0,,,,,,,,,,,,,,,,,,,,,,,,
164419792,,,,,,,,,,,,,,,,,,,,,,,,
1646f15f8,,,,,,,,,,,,,,,,,,,,,,,,
164ed3af2,,,,,,,,,,,,,,,,,,,,,,,,
166829221,,,,,,,,,,,,,,,,,,,,,,,,
16ac1552e,,,,,,,,,,,,,,,,,,,,,,,,
16bdc9519,,,,,,,,,,,,,,,,,,,,,,,,
16ca3bfc4,,,,,,,,,,,,,,,,,,,,,,,,
16dce03c1,,,,,,,,,,,,,,,,,,,,,,,,
16ddf4901,,,,,,,,,,,,,,,,,,,,,,,,
16e1c2483,,,,,,,,,,,,,,,,,,,,,,,,
172ff2c64,,,,,,,,,,,,,,,,,,,,,,,,
17557278d,,,,,,,,,,,,,,,,,,,,,,,,
17583f1e7,,,,,,,,,,,,,,,,,,,,,,,,
176321177,,,,,,,,,,,,,,,,,,,,,,,,
17765d8a3,,,,,,,,,,,,,,,,,,,,,,,,
17c3e49cb,,,,,,,,,,,,,,,,,,,,,,,,
17e4f7455,,,,,,,,,,,,,,,,,,,,,,,,
17ee04476,,,,,,,,,,,,,,,,,,,,,,,,
180769302,,,,,,,,,,,,,,,,,,,,,,,,
181c24172,,,,,,,,,,,,,,,,,,,,,,,,
18440190f,,,,,,,,,,,,,,,,,,,,,,,,
1854a2a2b,,,,,,,,,,,,,,,,,,,,,,,,
185cfa74c,,,,,,,,,,,,,,,,,,,,,,,,
1870355e2,,,,,,,,,,,,,,,,,,,,,,,,
18f071508,,,,,,,,,,,,,,,,,,,,,,,,
18fca9b00,,,,,,,,,,,,,,,,,,,,,,,,
1920ab37b,,,,,,,,,,,,,,,,,,,,,,,,
19661e5b5,,,,,,,,,,,,,,,,,,,,,,,,
19741caaf,,,,,,,,,,,,,,,,,,,,,,,,
198ebd860,,,,,,,,,,,,,,,,,,,,,,,,
19919f02d,,,,,,,,,,,,,,,,,,,,,,,,
1993257ef,,,,,,,,,,,,,,,,,,,,,,,,
19b06be65,,,,,,,,,,,,,,,,,,,,,,,,
19ed9a1d6,,,,,,,,,,,,,,,,,,,,,,,,
19ee687c1,,,,,,,,,,,,,,,,,,,,,,,,
1a38ab8f7,,,,,,,,,,,,,,,,,,,,,,,,
1a41bf115,,,,,,,,,,,,,,,,,,,,,,,,
1a6023cf7,,,,,,,,,,,,,,,,,,,,,,,,
1a6c0de34,,,,,,,,,,,,,,,,,,,,,,,,
1a7620a74,,,,,,,,,,,,,,,,,,,,,,,,
1a863efc9,,,,,,,,,,,,,,,,,,,,,,,,
1a8e6ed24,,,,,,,,,,,,,,,,,,,,,,,,
1ad017dae,,,,,,,,,,,,,,,,,,,,,,,,
1af859e06,,,,,,,,,,,,,,,,,,,,,,,,
1b08d91c6,,,,,,,,,,,,,,,,,,,,,,,,
1b1188215,,,,,,,,,,,,,,,,,,,,,,,,
1b171eeb9,,,,,,,,,,,,,,,,,,,,,,,,
1b97f921c,,,,,,,,,,,,,,,,,,,,,,,,
1b9e29ee0,,,,,,,,,,,,,,,,,,,,,,,,
1c1999ed5,,,,,,,,,,,,,,,,,,,,,,,,
1c4bd2220,,,,,,,,,,,,,,,,,,,,,,,,
1c5bc7532,,,,,,,,,,,,,,,,,,,,,,,,
1c5dd4d8c,,,,,,,,,,,,,,,,,,,,,,,,
1c6f5b86c,,,,,,,,,,,,,,,,,,,,,,,,
1c80e3954,,,,,,,,,,,,,,,,,,,,,,,,
1ca795071,,,,,,,,,,,,,,,,,,,,,,,,
1cae43e22,,,,,,,,,,,,,,,,,,,,,,,,
1caf0abe1,,,,,,,,,,,,,,,,,,,,,,,,
1ccffffde,,,,,,,,,,,,,,,,,,,,,,,,
1cdc3632e,,,,,,,,,,,,,,,,,,,,,,,,
1cef3807e,,,,,,,,,,,,,,,,,,,,,,,,
1d1d07484,,,,,,,,,,,,,,,,,,,,,,,,
1d2634157,,,,,,,,,,,,,,,,,,,,,,,,
1d2cf3d4c,,,,,,,,,,,,,,,,,,,,,,,,
1da16d6f3,,,,,,,,,,,,,,,,,,,,,,,,
1dab35cfd,,,,,,,,,,,,,,,,,,,,,,,,
1dcddefff,,,,,,,,,,,,,,,,,,,,,,,,
1de9987d9,,,,,,,,,,,,,,,,,,,,,,,,
1df388a1d,,,,,,,,,,,,,,,,,,,,,,,,
1df93a50a,,,,,,,,,,,,,,,,,,,,,,,,
1e0138ef6,,,,,,,,,,,,,,,,,,,,,,,,
1e0a01132,,,,,,,,,,,,,,,,,,,,,,,,
1e58a00a3,,,,,,,,,,,,,,,,,,,,,,,,
1e5c121b3,,,,,,,,,,,,,,,,,,,,,,,,
1ea169e31,,,,,,,,,,,,,,,,,,,,,,,,
1ea38590f,,,,,,,,,,,,,,,,,,,,,,,,
1eac8b319,,,,,,,,,,,,,,,,,,,,,,,,
1efcccce4,,,,,,,,,,,,,,,,,,,,,,,,
1f23d5322,,,,,,,,,,,,,,,,,,,,,,,,
1f23d7fbd,,,,,,,,,,,,,,,,,,,,,,,,
1f2f7f4b4,,,,,,,,,,,,,,,,,,,,,,,,
1f620384b,,,,,,,,,,,,,,,,,,,,,,,,
1f677b66a,,,,,,,,,,,,,,,,,,,,,,,,
1f6a464e3,,,,,,,,,,,,,,,,,,,,,,,,
1fbbf279a,,,,,,,,,,,,,,,,,,,,,,,,
1feb08603,,,,,,,,,,,,,,,,,,,,,,,,
20230e9b1,,,,,,,,,,,,,,,,,,,,,,,,
204c8a6c3,,,,,,,,,,,,,,,,,,,,,,,,
205bc47aa,,,,,,,,,,,,,,,,,,,,,,,,
2071ca51a,,,,,,,,,,,,,,,,,,,,,,,,
208597b8c,,,,,,,,,,,,,,,,,,,,,,,,
20af031a5,,,,,,,,,,,,,,,,,,,,,,,,
20f5fe372,,,,,,,,,,,,,,,,,,,,,,,,
212e01f98,,,,,,,,,,,,,,,,,,,,,,,,
2138680f1,,,,,,,,,,,,,,,,,,,,,,,,
2154999b8,,,,,,,,,,,,,,,,,,,,,,,,
21750cfe1,,,,,,,,,,,,,,,,,,,,,,,,
218ec8afe,,,,,,,,,,,,,,,,,,,,,,,,
2194860bd,,,,,,,,,,,,,,,,,,,,,,,,
21979f709,,,,,,,,,,,,,,,,,,,,,,,,
21c4f0060,,,,,,,,,,,,,,,,,,,,,,,,
21cca6989,,,,,,,,,,,,,,,,,,,,,,,,
21e7dae48,,,,,,,,,,,,,,,,,,,,,,,,
21eb2ed38,,,,,,,,,,,,,,,,,,,,,,,,
21ece8f8e,,,,,,,,,,,,,,,,,,,,,,,,
22351e4b3,,,,,,,,,,,,,,,,,,,,,,,,
223dd452d,,,,,,,,,,,,,,,,,,,,,,,,
225c4c77e,,,,,,,,,,,,,,,,,,,,,,,,
2266f89ed,,,,,,,,,,,,,,,,,,,,,,,,
226daf7a4,,,,,,,,,,,,,,,,,,,,,,,,
226fdd52e,,,,,,,,,,,,,,,,,,,,,,,,
228ec2e44,,,,,,,,,,,,,,,,,,,,,,,,
229445f97,,,,,,,,,,,,,,,,,,,,,,,,
22bf34d57,,,,,,,,,,,,,,,,,,,,,,,,
231b751a6,,,,,,,,,,,,,,,,,,,,,,,,
232fe3b6f,,,,,,,,,,,,,,,,,,,,,,,,
2341a29ca,,,,,,,,,,,,,,,,,,,,,,,,
235e518ce,,,,,,,,,,,,,,,,,,,,,,,,
23802a50e,,,,,,,,,,,,,,,,,,,,,,,,
23bd773d5,,,,,,,,,,,,,,,,,,,,,,,,
23f85e34a,,,,,,,,,,,,,,,,,,,,,,,,
240697131,,,,,,,,,,,,,,,,,,,,,,,,
2420703df,,,,,,,,,,,,,,,,,,,,,,,,
2444fbf36,,,,,,,,,,,,,,,,,,,,,,,,
245efe45c,,,,,,,,,,,,,,,,,,,,,,,,
24968153e,,,,,,,,,,,,,,,,,,,,,,,,
2497b42b0,,,,,,,,,,,,,,,,,,,,,,,,
24a1c2d43,,,,,,,,,,,,,,,,,,,,,,,,
24c2dcbde,,,,,,,,,,,,,,,,,,,,,,,,
24d2831ba,,,,,,,,,,,,,,,,,,,,,,,,
24e0357d3,,,,,,,,,,,,,,,,,,,,,,,,
25031e403,,,,,,,,,,,,,,,,,,,,,,,,
251b20553,,,,,,,,,,,,,,,,,,,,,,,,
252305b36,,,,,,,,,,,,,,,,,,,,,,,,
2557f807f,,,,,,,,,,,,,,,,,,,,,,,,
256bbb887,,,,,,,,,,,,,,,,,,,,,,,,
25eea2aec,,,,,,,,,,,,,,,,,,,,,,,,
26297fa42,,,,,,,,,,,,,,,,,,,,,,,,
264e1c5d1,,,,,,,,,,,,,,,,,,,,,,,,
269ec93c1,,,,,,,,,,,,,,,,,,,,,,,,
26de13cc2,,,,,,,,,,,,,,,,,,,,,,,,
26e154992,,,,,,,,,,,,,,,,,,,,,,,,
26e6c228c,,,,,,,,,,,,,,,,,,,,,,,,
2702506a0,,,,,,,,,,,,,,,,,,,,,,,,
27224a0ea,,,,,,,,,,,,,,,,,,,,,,,,
273d502c3,,,,,,,,,,,,,,,,,,,,,,,,
277102407,,,,,,,,,,,,,,,,,,,,,,,,
27eb3d156,,,,,,,,,,,,,,,,,,,,,,,,
282a52a92,,,,,,,,,,,,,,,,,,,,,,,,
284197921,,,,,,,,,,,,,,,,,,,,,,,,
2889d6cfe,,,,,,,,,,,,,,,,,,,,,,,,
28a4287f6,,,,,,,,,,,,,,,,,,,,,,,,
28b5f4e83,,,,,,,,,,,,,,,,,,,,,,,,
28d1b3eee,,,,,,,,,,,,,,,,,,,,,,,,
28e374ea2,,,,,,,,,,,,,,,,,,,,,,,,
28f39426c,,,,,,,,,,,,,,,,,,,,,,,,
29066c70f,,,,,,,,,,,,,,,,,,,,,,,,
293791220,,,,,,,,,,,,,,,,,,,,,,,,
293c956eb,,,,,,,,,,,,,,,,,,,,,,,,
29528fd59,,,,,,,,,,,,,,,,,,,,,,,,
298646cfe,,,,,,,,,,,,,,,,,,,,,,,,
2986b87b2,,,,,,,,,,,,,,,,,,,,,,,,
299830376,,,,,,,,,,,,,,,,,,,,,,,,
29a2a235b,,,,,,,,,,,,,,,,,,,,,,,,
29be5139f,,,,,,,,,,,,,,,,,,,,,,,,
29ca01b58,,,,,,,,,,,,,,,,,,,,,,,,
29caf0a0b,,,,,,,,,,,,,,,,,,,,,,,,
2a119f08d,,,,,,,,,,,,,,,,,,,,,,,,
2a30fef72,,,,,,,,,,,,,,,,,,,,,,,,
2a3f33e0d,,,,,,,,,,,,,,,,,,,,,,,,
2a625bb6f,,,,,,,,,,,,,,,,,,,,,,,,
2a6b5c6a9,,,,,,,,,,,,,,,,,,,,,,,,
2a855c952,,,,,,,,,,,,,,,,,,,,,,,,
2ab277090,,,,,,,,,,,,,,,,,,,,,,,,
2ab38cb5a,,,,,,,,,,,,,,,,,,,,,,,,
2b18a1bf6,,,,,,,,,,,,,,,,,,,,,,,,
2b6ff9e79,,,,,,,,,,,,,,,,,,,,,,,,
2b87c07e3,,,,,,,,,,,,,,,,,,,,,,,,
2baf00167,,,,,,,,,,,,,,,,,,,,,,,,
2be36d5b2,,,,,,,,,,,,,,,,,,,,,,,,
2be90db4b,,,,,,,,,,,,,,,,,,,,,,,,
2bfd45515,,,,,,,,,,,,,,,,,,,,,,,,
2c0b3a043,,,,,,,,,,,,,,,,,,,,,,,,
2c1dd32d2,,,,,,,,,,,,,,,,,,,,,,,,
2c27e1b43,,,,,,,,,,,,,,,,,,,,,,,,
2c92e60fd,,,,,,,,,,,,,,,,,,,,,,,,
2cdb5758f,,,,,,,,,,,,,,,,,,,,,,,,
2ce094326,,,,,,,,,,,,,,,,,,,,,,,,
2d02cb72a,,,,,,,,,,,,,,,,,,,,,,,,
2d11dfc2f,,,,,,,,,,,,,,,,,,,,,,,,
2d46cdd0f,,,,,,,,,,,,,,,,,,,,,,,,
2d5b597c9,,,,,,,,,,,,,,,,,,,,,,,,
2d7ac2f07,,,,,,,,,,,,,,,,,,,,,,,,
2d7d5a1af,,,,,,,,,,,,,,,,,,,,,,,,
2d83a4066,,,,,,,,,,,,,,,,,,,,,,,,
2d89f7aaf,,,,,,,,,,,,,,,,,,,,,,,,
2d90126b8,,,,,,,,,,,,,,,,,,,,,,,,
2d961c225,,,,,,,,,,,,,,,,,,,,,,,,
2da11ef56,,,,,,,,,,,,,,,,,,,,,,,,
2dd3de084,,,,,,,,,,,,,,,,,,,,,,,,
2e0cc4891,,,,,,,,,,,,,,,,,,,,,,,,
2e1dbf36d,,,,,,,,,,,,,,,,,,,,,,,,
2e3a98d20,,,,,,,,,,,,,,,,,,,,,,,,
2e48b17d1,,,,,,,,,,,,,,,,,,,,,,,,
2e54223cc,,,,,,,,,,,,,,,,,,,,,,,,
2e6617b78,,,,,,,,,,,,,,,,,,,,,,,,
2e6be4cee,,,,,,,,,,,,,,,,,,,,,,,,
2e6effabb,,,,,,,,,,,,,,,,,,,,,,,,
2e8768219,,,,,,,,,,,,,,,,,,,,,,,,
2e9707155,,,,,,,,,,,,,,,,,,,,,,,,
2ea89e978,,,,,,,,,,,,,,,,,,,,,,,,
2edcedcd5,,,,,,,,,,,,,,,,,,,,,,,,
2edd3e42c,,,,,,,,,,,,,,,,,,,,,,,,
2eea631ba,,,,,,,,,,,,,,,,,,,,,,,,
2eff3dc94,,,,,,,,,,,,,,,,,,,,,,,,
2f01e7532,,,,,,,,,,,,,,,,,,,,,,,,
2f33eeef8,,,,,,,,,,,,,,,,,,,,,,,,
2f9b98b8e,,,,,,,,,,,,,,,,,,,,,,,,
2fa17389b,,,,,,,,,,,,,,,,,,,,,,,,
2fa556c68,,,,,,,,,,,,,,,,,,,,,,,,
301646fec,,,,,,,,,,,,,,,,,,,,,,,,
30474821d,,,,,,,,,,,,,,,,,,,,,,,,
30568ea36,,,,,,,,,,,,,,,,,,,,,,,,
308d57471,,,,,,,,,,,,,,,,,,,,,,,,
309d08488,,,,,,,,,,,,,,,,,,,,,,,,
30cdaa74f,,,,,,,,,,,,,,,,,,,,,,,,
30dac2698,,,,,,,,,,,,,,,,,,,,,,,,
30e10a4c1,,,,,,,,,,,,,,,,,,,,,,,,
3149b42ae,,,,,,,,,,,,,,,,,,,,,,,,
316cc9c2e,,,,,,,,,,,,,,,,,,,,,,,,
31ea1deb5,,,,,,,,,,,,,,,,,,,,,,,,
3223c5339,,,,,,,,,,,,,,,,,,,,,,,,
3245e0ed5,,,,,,,,,,,,,,,,,,,,,,,,
327225a72,,,,,,,,,,,,,,,,,,,,,,,,
329d536c1,,,,,,,,,,,,,,,,,,,,,,,,
32d052d69,,,,,,,,,,,,,,,,,,,,,,,,
332f279cf,,,,,,,,,,,,,,,,,,,,,,,,
3332312c7,,,,,,,,,,,,,,,,,,,,,,,,
335ffc957,,,,,,,,,,,,,,,,,,,,,,,,
336e16949,,,,,,,,,,,,,,,,,,,,,,,,
33740750f,,,,,,,,,,,,,,,,,,,,,,,,
339a579f7,,,,,,,,,,,,,,,,,,,,,,,,
3425d49b4,,,,,,,,,,,,,,,,,,,,,,,,
349b05171,,,,,,,,,,,,,,,,,,,,,,,,
34de5e276,,,,,,,,,,,,,,,,,,,,,,,,
34e1119d9,,,,,,,,,,,,,,,,,,,,,,,,
34ea20a63,,,,,,,,,,,,,,,,,,,,,,,,
353a9b393,,,,,,,,,,,,,,,,,,,,,,,,
3541a0ecc,,,,,,,,,,,,,,,,,,,,,,,,
358b64913,,,,,,,,,,,,,,,,,,,,,,,,
35b362a5f,,,,,,,,,,,,,,,,,,,,,,,,
35b507e5c,,,,,,,,,,,,,,,,,,,,,,,,
3603e6777,,,,,,,,,,,,,,,,,,,,,,,,
361e62010,,,,,,,,,,,,,,,,,,,,,,,,
366f22f5c,,,,,,,,,,,,,,,,,,,,,,,,
36a115147,,,,,,,,,,,,,,,,,,,,,,,,
36a636992,,,,,,,,,,,,,,,,,,,,,,,,
36ca25530,,,,,,,,,,,,,,,,,,,,,,,,
36f81df3d,,,,,,,,,,,,,,,,,,,,,,,,
36fad96f1,,,,,,,,,,,,,,,,,,,,,,,,
372c61a91,,,,,,,,,,,,,,,,,,,,,,,,
374589151,,,,,,,,,,,,,,,,,,,,,,,,
3779d8e9a,,,,,,,,,,,,,,,,,,,,,,,,
37995e38e,,,,,,,,,,,,,,,,,,,,,,,,
37c587efe,,,,,,,,,,,,,,,,,,,,,,,,
381df8140,,,,,,,,,,,,,,,,,,,,,,,,
38495ba18,,,,,,,,,,,,,,,,,,,,,,,,
38a144172,,,,,,,,,,,,,,,,,,,,,,,,
38ae4301f,,,,,,,,,,,,,,,,,,,,,,,,
38b70ff91,,,,,,,,,,,,,,,,,,,,,,,,
38befb816,,,,,,,,,,,,,,,,,,,,,,,,
38c1a5827,,,,,,,,,,,,,,,,,,,,,,,,
38e3be52f,,,,,,,,,,,,,,,,,,,,,,,,
38ecaadea,,,,,,,,,,,,,,,,,,,,,,,,
39229863e,,,,,,,,,,,,,,,,,,,,,,,,
394f61bca,,,,,,,,,,,,,,,,,,,,,,,,
397570ea1,,,,,,,,,,,,,,,,,,,,,,,,
398230aad,,,,,,,,,,,,,,,,,,,,,,,,
39d659bfb,,,,,,,,,,,,,,,,,,,,,,,,
3a16e46fd,,,,,,,,,,,,,,,,,,,,,,,,
3a19029d7,,,,,,,,,,,,,,,,,,,,,,,,
3a3c5c9c6,,,,,,,,,,,,,,,,,,,,,,,,
3a5568ef6,,,,,,,,,,,,,,,,,,,,,,,,
3a793c210,,,,,,,,,,,,,,,,,,,,,,,,
3a94108ae,,,,,,,,,,,,,,,,,,,,,,,,
3a9c9e770,,,,,,,,,,,,,,,,,,,,,,,,
3aa9f305e,,,,,,,,,,,,,,,,,,,,,,,,
3aabef20f,,,,,,,,,,,,,,,,,,,,,,,,
3ac0902fb,,,,,,,,,,,,,,,,,,,,,,,,
3ad586fd9,,,,,,,,,,,,,,,,,,,,,,,,
3aed2f517,,,,,,,,,,,,,,,,,,,,,,,,
3afe39615,,,,,,,,,,,,,,,,,,,,,,,,
3b42a21c2,,,,,,,,,,,,,,,,,,,,,,,,
3b4bd5f20,,,,,,,,,,,,,,,,,,,,,,,,
3b62ed484,,,,,,,,,,,,,,,,,,,,,,,,
3b76bbc91,,,,,,,,,,,,,,,,,,,,,,,,
3b928f30b,,,,,,,,,,,,,,,,,,,,,,,,
3b933198e,,,,,,,,,,,,,,,,,,,,,,,,
3ba2bdb06,,,,,,,,,,,,,,,,,,,,,,,,
3ba4edeba,,,,,,,,,,,,,,,,,,,,,,,,
3bd259456,,,,,,,,,,,,,,,,,,,,,,,,
3bdf2e2f3,,,,,,,,,,,,,,,,,,,,,,,,
3be052546,,,,,,,,,,,,,,,,,,,,,,,,
3be35b503,,,,,,,,,,,,,,,,,,,,,,,,
3bf293ad6,,,,,,,,,,,,,,,,,,,,,,,,
3c03b2503,,,,,,,,,,,,,,,,,,,,,,,,
3c5257721,,,,,,,,,,,,,,,,,,,,,,,,
3cb7b0132,,,,,,,,,,,,,,,,,,,,,,,,
3d259c6a2,,,,,,,,,,,,,,,,,,,,,,,,
3d461e965,,,,,,,,,,,,,,,,,,,,,,,,
3d60d5b03,,,,,,,,,,,,,,,,,,,,,,,,
3d7d6dadb,,,,,,,,,,,,,,,,,,,,,,,,
3d7f62c79,,,,,,,,,,,,,,,,,,,,,,,,
3d89d5571,,,,,,,,,,,,,,,,,,,,,,,,
3d8ed3eed,,,,,,,,,,,,,,,,,,,,,,,,
3d8fbaf50,,,,,,,,,,,,,,,,,,,,,,,,
3d93af672,,,,,,,,,,,,,,,,,,,,,,,,
3dabe2366,,,,,,,,,,,,,,,,,,,,,,,,
3db0b6ad6,,,,,,,,,,,,,,,,,,,,,,,,
3dc375aec,,,,,,,,,,,,,,,,,,,,,,,,
3de11e9f6,,,,,,,,,,,,,,,,,,,,,,,,
3de2e5efc,,,,,,,,,,,,,,,,,,,,,,,,
3de404cd1,,,,,,,,,,,,,,,,,,,,,,,,
3de82b52b,,,,,,,,,,,,,,,,,,,,,,,,
3e214fe98,,,,,,,,,,,,,,,,,,,,,,,,
3e4114fad,,,,,,,,,,,,,,,,,,,,,,,,
3e46d90e7,,,,,,,,,,,,,,,,,,,,,,,,
3e693e956,,,,,,,,,,,,,,,,,,,,,,,,
3e79a8489,,,,,,,,,,,,,,,,,,,,,,,,
3e8e64622,,,,,,,,,,,,,,,,,,,,,,,,
3ea29035a,,,,,,,,,,,,,,,,,,,,,,,,
3ec54ea51,,,,,,,,,,,,,,,,,,,,,,,,
3ef8f39f8,,,,,,,,,,,,,,,,,,,,,,,,
3f052aa50,,,,,,,,,,,,,,,,,,,,,,,,
3f16bf597,,,,,,,,,,,,,,,,,,,,,,,,
3f4297971,,,,,,,,,,,,,,,,,,,,,,,,
3f6fe7d19,,,,,,,,,,,,,,,,,,,,,,,,
3f75c5715,,,,,,,,,,,,,,,,,,,,,,,,
3f9a8ba65,,,,,,,,,,,,,,,,,,,,,,,,
3fc5a5df4,,,,,,,,,,,,,,,,,,,,,,,,
3fcc38f27,,,,,,,,,,,,,,,,,,,,,,,,
3fdcfc43e,,,,,,,,,,,,,,,,,,,,,,,,
3fe42e809,,,,,,,,,,,,,,,,,,,,,,,,
3fe8034aa,,,,,,,,,,,,,,,,,,,,,,,,
4006b60ad,,,,,,,,,,,,,,,,,,,,,,,,
402313292,,,,,,,,,,,,,,,,,,,,,,,,
403dde5a6,,,,,,,,,,,,,,,,,,,,,,,,
40508a6ab,,,,,,,,,,,,,,,,,,,,,,,,
40a1a33b7,,,,,,,,,,,,,,,,,,,,,,,,
40b0e1e5e,,,,,,,,,,,,,,,,,,,,,,,,
410190cfc,,,,,,,,,,,,,,,,,,,,,,,,
410fb8cc1,,,,,,,,,,,,,,,,,,,,,,,,
413b41f30,,,,,,,,,,,,,,,,,,,,,,,,
41402125e,,,,,,,,,,,,,,,,,,,,,,,,
4143bb919,,,,,,,,,,,,,,,,,,,,,,,,
416ece2aa,,,,,,,,,,,,,,,,,,,,,,,,
41732ffe5,,,,,,,,,,,,,,,,,,,,,,,,
41862ce19,,,,,,,,,,,,,,,,,,,,,,,,
419c8ebfa,,,,,,,,,,,,,,,,,,,,,,,,
41b9efd30,,,,,,,,,,,,,,,,,,,,,,,,
41f6da863,,,,,,,,,,,,,,,,,,,,,,,,
422d116ec,,,,,,,,,,,,,,,,,,,,,,,,
423b07fc7,,,,,,,,,,,,,,,,,,,,,,,,
424f23229,,,,,,,,,,,,,,,,,,,,,,,,
426e6b200,,,,,,,,,,,,,,,,,,,,,,,,
42788ca70,,,,,,,,,,,,,,,,,,,,,,,,
428b2868b,,,,,,,,,,,,,,,,,,,,,,,,
42959f4b0,,,,,,,,,,,,,,,,,,,,,,,,
429818de1,,,,,,,,,,,,,,,,,,,,,,,,
42997fe35,,,,,,,,,,,,,,,,,,,,,,,,
42a1872b5,,,,,,,,,,,,,,,,,,,,,,,,
42c309ad6,,,,,,,,,,,,,,,,,,,,,,,,
42d145a7c,,,,,,,,,,,,,,,,,,,,,,,,
42fc1746e,,,,,,,,,,,,,,,,,,,,,,,,
4350e1e1a,,,,,,,,,,,,,,,,,,,,,,,,
4370a00a3,,,,,,,,,,,,,,,,,,,,,,,,
437ce0f6c,,,,,,,,,,,,,,,,,,,,,,,,
4396bcf4b,,,,,,,,,,,,,,,,,,,,,,,,
43a6746f3,,,,,,,,,,,,,,,,,,,,,,,,
43c27fde5,,,,,,,,,,,,,,,,,,,,,,,,
43f2a4343,,,,,,,,,,,,,,,,,,,,,,,,
44594169f,,,,,,,,,,,,,,,,,,,,,,,,
446ffa381,,,,,,,,,,,,,,,,,,,,,,,,
44826e880,,,,,,,,,,,,,,,,,,,,,,,,
449490cb5,,,,,,,,,,,,,,,,,,,,,,,,
449612fa1,,,,,,,,,,,,,,,,,,,,,,,,
44b5cbd50,,,,,,,,,,,,,,,,,,,,,,,,
44faab195,,,,,,,,,,,,,,,,,,,,,,,,
45035fceb,,,,,,,,,,,,,,,,,,,,,,,,
45879ff68,,,,,,,,,,,,,,,,,,,,,,,,
45a3f2528,,,,,,,,,,,,,,,,,,,,,,,,
45d52d166,,,,,,,,,,,,,,,,,,,,,,,,
45e17759f,,,,,,,,,,,,,,,,,,,,,,,,
45ed62fd0,,,,,,,,,,,,,,,,,,,,,,,,
4617e268b,,,,,,,,,,,,,,,,,,,,,,,,
4622e761d,,,,,,,,,,,,,,,,,,,,,,,,
46387adc8,,,,,,,,,,,,,,,,,,,,,,,,
464790631,,,,,,,,,,,,,,,,,,,,,,,,
46568db5b,,,,,,,,,,,,,,,,,,,,,,,,
465af2eae,,,,,,,,,,,,,,,,,,,,,,,,
465f1aa89,,,,,,,,,,,,,,,,,,,,,,,,
46c30cdc6,,,,,,,,,,,,,,,,,,,,,,,,
46c79837c,,,,,,,,,,,,,,,,,,,,,,,,
472ed54cf,,,,,,,,,,,,,,,,,,,,,,,,
4756c6ca9,,,,,,,,,,,,,,,,,,,,,,,,
475f0d0b2,,,,,,,,,,,,,,,,,,,,,,,,
47b44e368,,,,,,,,,,,,,,,,,,,,,,,,
47b84e8d7,,,,,,,,,,,,,,,,,,,,,,,,
47bfff5de,,,,,,,,,,,,,,,,,,,,,,,,
47d3c2851,,,,,,,,,,,,,,,,,,,,,,,,
47e931bf1,,,,,,,,,,,,,,,,,,,,,,,,
47f301ecc,,,,,,,,,,,,,,,,,,,,,,,,
47f5519af,,,,,,,,,,,,,,,,,,,,,,,,
47fff70ec,,,,,,,,,,,,,,,,,,,,,,,,
48285e818,,,,,,,,,,,,,,,,,,,,,,,,
483cd95f6,,,,,,,,,,,,,,,,,,,,,,,,
487fe1a0a,,,,,,,,,,,,,,,,,,,,,,,,
488ce42a4,,,,,,,,,,,,,,,,,,,,,,,,
48a94a63f,,,,,,,,,,,,,,,,,,,,,,,,
48b151826,,,,,,,,,,,,,,,,,,,,,,,,
48cd2fc52,,,,,,,,,,,,,,,,,,,,,,,,
48d668602,,,,,,,,,,,,,,,,,,,,,,,,
490e4119a,,,,,,,,,,,,,,,,,,,,,,,,
4913a3448,,,,,,,,,,,,,,,,,,,,,,,,
492b3dc52,,,,,,,,,,,,,,,,,,,,,,,,
4938071c3,,,,,,,,,,,,,,,,,,,,,,,,
496f64ad5,,,,,,,,,,,,,,,,,,,,,,,,
499aac6a0,,,,,,,,,,,,,,,,,,,,,,,,
49ad4da37,,,,,,,,,,,,,,,,,,,,,,,,
49c9308c6,,,,,,,,,,,,,,,,,,,,,,,,
49e9404e8,,,,,,,,,,,,,,,,,,,,,,,,
4a037fc29,,,,,,,,,,,,,,,,,,,,,,,,
4a0e4eda5,,,,,,,,,,,,,,,,,,,,,,,,
4a114a045,,,,,,,,,,,,,,,,,,,,,,,,
4a11d338b,,,,,,,,,,,,,,,,,,,,,,,,
4a1d4e88e,,,,,,,,,,,,,,,,,,,,,,,,
4a3915b12,,,,,,,,,,,,,,,,,,,,,,,,
4a5bb080e,,,,,,,,,,,,,,,,,,,,,,,,
4a8be14c7,,,,,,,,,,,,,,,,,,,,,,,,
4aa325fed,,,,,,,,,,,,,,,,,,,,,,,,
4aa5b1f82,,,,,,,,,,,,,,,,,,,,,,,,
4ada8655d,,,,,,,,,,,,,,,,,,,,,,,,
4b09fdb25,,,,,,,,,,,,,,,,,,,,,,,,
4b3082d1b,,,,,,,,,,,,,,,,,,,,,,,,
4b414fd6c,,,,,,,,,,,,,,,,,,,,,,,,
4b468fc98,,,,,,,,,,,,,,,,,,,,,,,,
4b502b199,,,,,,,,,,,,,,,,,,,,,,,,
4b7939a9b,,,,,,,,,,,,,,,,,,,,,,,,
4b99e28b2,,,,,,,,,,,,,,,,,,,,,,,,
4bf4d09ae,,,,,,,,,,,,,,,,,,,,,,,,
4c3426dcc,,,,,,,,,,,,,,,,,,,,,,,,
4c5edb35f,,,,,,,,,,,,,,,,,,,,,,,,
4c7fa442c,,,,,,,,,,,,,,,,,,,,,,,,
4c875b787,,,,,,,,,,,,,,,,,,,,,,,,
4c980657a,,,,,,,,,,,,,,,,,,,,,,,,
4cad242d2,,,,,,,,,,,,,,,,,,,,,,,,
4cb83a45f,,,,,,,,,,,,,,,,,,,,,,,,
4cbd62be3,,,,,,,,,,,,,,,,,,,,,,,,
4cf4dc8e3,,,,,,,,,,,,,,,,,,,,,,,,
4d146bc95,,,,,,,,,,,,,,,,,,,,,,,,
4d1b0db48,,,,,,,,,,,,,,,,,,,,,,,,
4d2d010a6,,,,,,,,,,,,,,,,,,,,,,,,
4d5bbcbfd,,,,,,,,,,,,,,,,,,,,,,,,
4d80f1b11,,,,,,,,,,,,,,,,,,,,,,,,
4d8a025e4,,,,,,,,,,,,,,,,,,,,,,,,
4d8b8e447,,,,,,,,,,,,,,,,,,,,,,,,
4dab7201c,,,,,,,,,,,,,,,,,,,,,,,,
4dba0df2a,,,,,,,,,,,,,,,,,,,,,,,,
4dc072cc0,,,,,,,,,,,,,,,,,,,,,,,,
4dcf0be4a,,,,,,,,,,,,,,,,,,,,,,,,
4dcfcf9c1,,,,,,,,,,,,,,,,,,,,,,,,
4de2b6553,,,,,,,,,,,,,,,,,,,,,,,,
4de9319a3,,,,,,,,,,,,,,,,,,,,,,,,
4e025b553,,,,,,,,,,,,,,,,,,,,,,,,
4e0cc2172,,,,,,,,,,,,,,,,,,,,,,,,
4e68c47b0,,,,,,,,,,,,,,,,,,,,,,,,
4e6d1a9ed,,,,,,,,,,,,,,,,,,,,,,,,
4e82fe1fe,,,,,,,,,,,,,,,,,,,,,,,,
4ea911070,,,,,,,,,,,,,,,,,,,,,,,,
4eecb971e,,,,,,,,,,,,,,,,,,,,,,,,
4f06a9e71,,,,,,,,,,,,,,,,,,,,,,,,
4f22b87c5,,,,,,,,,,,,,,,,,,,,,,,,
4f4b5de86,,,,,,,,,,,,,,,,,,,,,,,,
4f6ee7ced,,,,,,,,,,,,,,,,,,,,,,,,
4f8e76174,,,,,,,,,,,,,,,,,,,,,,,,
4fb5da14d,,,,,,,,,,,,,,,,,,,,,,,,
4fdc94a87,,,,,,,,,,,,,,,,,,,,,,,,
4ff5c37b7,,,,,,,,,,,,,,,,,,,,,,,,
4ffefd1aa,,,,,,,,,,,,,,,,,,,,,,,,
5012f0b4f,,,,,,,,,,,,,,,,,,,,,,,,
501e91887,,,,,,,,,,,,,,,,,,,,,,,,
503683ee6,,,,,,,,,,,,,,,,,,,,,,,,
50b6ac32f,,,,,,,,,,,,,,,,,,,,,,,,
50c1bca03,,,,,,,,,,,,,,,,,,,,,,,,
50fc0af68,,,,,,,,,,,,,,,,,,,,,,,,
512dc3932,,,,,,,,,,,,,,,,,,,,,,,,
5130a7a44,,,,,,,,,,,,,,,,,,,,,,,,
518867197,,,,,,,,,,,,,,,,,,,,,,,,
51a33a543,,,,,,,,,,,,,,,,,,,,,,,,
51b186f15,,,,,,,,,,,,,,,,,,,,,,,,
51c33f465,,,,,,,,,,,,,,,,,,,,,,,,
51cd29975,,,,,,,,,,,,,,,,,,,,,,,,
5220e985d,,,,,,,,,,,,,,,,,,,,,,,,
522979dc6,,,,,,,,,,,,,,,,,,,,,,,,
523a0d164,,,,,,,,,,,,,,,,,,,,,,,,
523c96546,,,,,,,,,,,,,,,,,,,,,,,,
52465595f,,,,,,,,,,,,,,,,,,,,,,,,
525c73390,,,,,,,,,,,,,,,,,,,,,,,,
527ac9db6,,,,,,,,,,,,,,,,,,,,,,,,
5287a7fd8,,,,,,,,,,,,,,,,,,,,,,,,
5289c9926,,,,,,,,,,,,,,,,,,,,,,,,
52c1e5fae,,,,,,,,,,,,,,,,,,,,,,,,
52c76de7b,,,,,,,,,,,,,,,,,,,,,,,,
52cb0db2d,,,,,,,,,,,,,,,,,,,,,,,,
52d7b5192,,,,,,,,,,,,,,,,,,,,,,,,
53222dab1,,,,,,,,,,,,,,,,,,,,,,,,
53286585d,,,,,,,,,,,,,,,,,,,,,,,,
536c394c8,,,,,,,,,,,,,,,,,,,,,,,,
537c891bb,,,,,,,,,,,,,,,,,,,,,,,,
53a7ac024,,,,,,,,,,,,,,,,,,,,,,,,
53b10ab00,,,,,,,,,,,,,,,,,,,,,,,,
53bce4c90,,,,,,,,,,,,,,,,,,,,,,,,
53c6c4d07,,,,,,,,,,,,,,,,,,,,,,,,
53cc5b732,,,,,,,,,,,,,,,,,,,,,,,,
53db66bd9,,,,,,,,,,,,,,,,,,,,,,,,
53dcaca05,,,,,,,,,,,,,,,,,,,,,,,,
5458c8c5a,,,,,,,,,,,,,,,,,,,,,,,,
546792327,,,,,,,,,,,,,,,,,,,,,,,,
547d74e15,,,,,,,,,,,,,,,,,,,,,,,,
54a3a78f9,,,,,,,,,,,,,,,,,,,,,,,,
54d69f9fa,,,,,,,,,,,,,,,,,,,,,,,,
550e1cc2e,,,,,,,,,,,,,,,,,,,,,,,,
552347642,,,,,,,,,,,,,,,,,,,,,,,,
552e8f43d,,,,,,,,,,,,,,,,,,,,,,,,
555639db5,,,,,,,,,,,,,,,,,,,,,,,,
555a86dc5,,,,,,,,,,,,,,,,,,,,,,,,
556f84e4f,,,,,,,,,,,,,,,,,,,,,,,,
5580640cb,,,,,,,,,,,,,,,,,,,,,,,,
5591ecb66,,,,,,,,,,,,,,,,,,,,,,,,
55bea634a,,,,,,,,,,,,,,,,,,,,,,,,
55dcd4be6,,,,,,,,,,,,,,,,,,,,,,,,
55f604262,,,,,,,,,,,,,,,,,,,,,,,,
5637b6fcf,,,,,,,,,,,,,,,,,,,,,,,,
56620c608,,,,,,,,,,,,,,,,,,,,,,,,
566d557e1,,,,,,,,,,,,,,,,,,,,,,,,
56a9f50bf,,,,,,,,,,,,,,,,,,,,,,,,
56b304785,,,,,,,,,,,,,,,,,,,,,,,,
56be676c0,,,,,,,,,,,,,,,,,,,,,,,,
56c5c8d15,,,,,,,,,,,,,,,,,,,,,,,,
56ebd0c55,,,,,,,,,,,,,,,,,,,,,,,,
56f48bdfe,,,,,,,,,,,,,,,,,,,,,,,,
57026e7c7,,,,,,,,,,,,,,,,,,,,,,,,
570d295d0,,,,,,,,,,,,,,,,,,,,,,,,
576d8e216,,,,,,,,,,,,,,,,,,,,,,,,
57a1833a5,,,,,,,,,,,,,,,,,,,,,,,,
57cd5203d,,,,,,,,,,,,,,,,,,,,,,,,
57d1671d3,,,,,,,,,,,,,,,,,,,,,,,,
57d7be1e6,,,,,,,,,,,,,,,,,,,,,,,,
57ffa5e5c,,,,,,,,,,,,,,,,,,,,,,,,
583ac23c6,,,,,,,,,,,,,,,,,,,,,,,,
584defab2,,,,,,,,,,,,,,,,,,,,,,,,
58548995b,,,,,,,,,,,,,,,,,,,,,,,,
58863f444,,,,,,,,,,,,,,,,,,,,,,,,
58ebd234e,,,,,,,,,,,,,,,,,,,,,,,,
58faa6acd,,,,,,,,,,,,,,,,,,,,,,,,
5908d5a81,,,,,,,,,,,,,,,,,,,,,,,,
5915e81d5,,,,,,,,,,,,,,,,,,,,,,,,
59368abb4,,,,,,,,,,,,,,,,,,,,,,,,
59651c445,,,,,,,,,,,,,,,,,,,,,,,,
59ab67cf9,,,,,,,,,,,,,,,,,,,,,,,,
59b1bca75,,,,,,,,,,,,,,,,,,,,,,,,
59e554dc2,,,,,,,,,,,,,,,,,,,,,,,,
59f4a3de9,,,,,,,,,,,,,,,,,,,,,,,,
5a1df14a5,,,,,,,,,,,,,,,,,,,,,,,,
5a2ae4429,,,,,,,,,,,,,,,,,,,,,,,,
5a65a1e4e,,,,,,,,,,,,,,,,,,,,,,,,
5a6cb35f0,,,,,,,,,,,,,,,,,,,,,,,,
5a7bcbb6b,,,,,,,,,,,,,,,,,,,,,,,,
5aad095af,,,,,,,,,,,,,,,,,,,,,,,,
5ab6034bd,,,,,,,,,,,,,,,,,,,,,,,,
5af2fe631,,,,,,,,,,,,,,,,,,,,,,,,
5af9b18bc,,,,,,,,,,,,,,,,,,,,,,,,
5afa3f7e3,,,,,,,,,,,,,,,,,,,,,,,,
5b07c8425,,,,,,,,,,,,,,,,,,,,,,,,
5b8c00fa3,,,,,,,,,,,,,,,,,,,,,,,,
5b8e98c73,,,,,,,,,,,,,,,,,,,,,,,,
5b9ea14dc,,,,,,,,,,,,,,,,,,,,,,,,
5bae4e21a,,,,,,,,,,,,,,,,,,,,,,,,
5be5fe0a5,,,,,,,,,,,,,,,,,,,,,,,,
5befcfc23,,,,,,,,,,,,,,,,,,,,,,,,
5c018d488,,,,,,,,,,,,,,,,,,,,,,,,
5c78f82ce,,,,,,,,,,,,,,,,,,,,,,,,
5c933a278,,,,,,,,,,,,,,,,,,,,,,,,
5c98718cc,,,,,,,,,,,,,,,,,,,,,,,,
5ca2693b8,,,,,,,,,,,,,,,,,,,,,,,,
5ca741848,,,,,,,,,,,,,,,,,,,,,,,,
5cc969370,,,,,,,,,,,,,,,,,,,,,,,,
5cd59433a,,,,,,,,,,,,,,,,,,,,,,,,
5cdf192d0,,,,,,,,,,,,,,,,,,,,,,,,
5d16c8d12,,,,,,,,,,,,,,,,,,,,,,,,
5d1f50065,,,,,,,,,,,,,,,,,,,,,,,,
5d49c740c,,,,,,,,,,,,,,,,,,,,,,,,
5d4b5c988,,,,,,,,,,,,,,,,,,,,,,,,
5d52a6929,,,,,,,,,,,,,,,,,,,,,,,,
5d6a40fcc,,,,,,,,,,,,,,,,,,,,,,,,
5d98e0758,,,,,,,,,,,,,,,,,,,,,,,,
5daa4a8b4,,,,,,,,,,,,,,,,,,,,,,,,
5ddb0927d,,,,,,,,,,,,,,,,,,,,,,,,
5e5664c3f,,,,,,,,,,,,,,,,,,,,,,,,
5e8e9b3a3,,,,,,,,,,,,,,,,,,,,,,,,
5eb00e3c2,,,,,,,,,,,,,,,,,,,,,,,,
5eb25675a,,,,,,,,,,,,,,,,,,,,,,,,
5eb7e8b11,,,,,,,,,,,,,,,,,,,,,,,,
5ebd6a00d,,,,,,,,,,,,,,,,,,,,,,,,
5ed8d7651,,,,,,,,,,,,,,,,,,,,,,,,
5ee247ff6,,,,,,,,,,,,,,,,,,,,,,,,
5f19208ae,,,,,,,,,,,,,,,,,,,,,,,,
5f1d5b579,,,,,,,,,,,,,,,,,,,,,,,,
5f364e40c,,,,,,,,,,,,,,,,,,,,,,,,
5f3d9eda3,,,,,,,,,,,,,,,,,,,,,,,,
5f3f335d5,,,,,,,,,,,,,,,,,,,,,,,,
5f5309c5c,,,,,,,,,,,,,,,,,,,,,,,,
5f551b741,,,,,,,,,,,,,,,,,,,,,,,,
5f7a724e9,,,,,,,,,,,,,,,,,,,,,,,,
5f848d7f5,,,,,,,,,,,,,,,,,,,,,,,,
5fb610b12,,,,,,,,,,,,,,,,,,,,,,,,
5ffcddfc2,,,,,,,,,,,,,,,,,,,,,,,,
60045eef4,,,,,,,,,,,,,,,,,,,,,,,,
6024f8ac7,,,,,,,,,,,,,,,,,,,,,,,,
602a45829,,,,,,,,,,,,,,,,,,,,,,,,
604e4a9bf,,,,,,,,,,,,,,,,,,,,,,,,
605dfb3e7,,,,,,,,,,,,,,,,,,,,,,,,
6061f98c4,,,,,,,,,,,,,,,,,,,,,,,,
6075551cf,,,,,,,,,,,,,,,,,,,,,,,,
60be2b292,,,,,,,,,,,,,,,,,,,,,,,,
60ce9ef41,,,,,,,,,,,,,,,,,,,,,,,,
611ff585c,,,,,,,,,,,,,,,,,,,,,,,,
612786f16,,,,,,,,,,,,,,,,,,,,,,,,
61381bc45,,,,,,,,,,,,,,,,,,,,,,,,
617e547fc,,,,,,,,,,,,,,,,,,,,,,,,
619709d2e,,,,,,,,,,,,,,,,,,,,,,,,
6201fcc32,,,,,,,,,,,,,,,,,,,,,,,,
623288b5f,,,,,,,,,,,,,,,,,,,,,,,,
625dacb5b,,,,,,,,,,,,,,,,,,,,,,,,
626ded621,,,,,,,,,,,,,,,,,,,,,,,,
62a5bac1f,,,,,,,,,,,,,,,,,,,,,,,,
62b969829,,,,,,,,,,,,,,,,,,,,,,,,
62cdaff63,,,,,,,,,,,,,,,,,,,,,,,,
6315bf8c1,,,,,,,,,,,,,,,,,,,,,,,,
6339b0fe8,,,,,,,,,,,,,,,,,,,,,,,,
63488bef2,,,,,,,,,,,,,,,,,,,,,,,,
6369e4329,,,,,,,,,,,,,,,,,,,,,,,,
63740a39a,,,,,,,,,,,,,,,,,,,,,,,,
63a72d4df,,,,,,,,,,,,,,,,,,,,,,,,
640a12ba5,,,,,,,,,,,,,,,,,,,,,,,,
6458135e9,,,,,,,,,,,,,,,,,,,,,,,,
645d26f1a,,,,,,,,,,,,,,,,,,,,,,,,
646096f6d,,,,,,,,,,,,,,,,,,,,,,,,
647395d2e,,,,,,,,,,,,,,,,,,,,,,,,
64a384ae9,,,,,,,,,,,,,,,,,,,,,,,,
64e48fa13,,,,,,,,,,,,,,,,,,,,,,,,
64e4ee35e,,,,,,,,,,,,,,,,,,,,,,,,
64f72bfd9,,,,,,,,,,,,,,,,,,,,,,,,
64f95f4a4,,,,,,,,,,,,,,,,,,,,,,,,
6525d9e01,,,,,,,,,,,,,,,,,,,,,,,,
653ee449b,,,,,,,,,,,,,,,,,,,,,,,,
65686369a,,,,,,,,,,,,,,,,,,,,,,,,
6571d33c3,,,,,,,,,,,,,,,,,,,,,,,,
65cff7f09,,,,,,,,,,,,,,,,,,,,,,,,
65da0693a,,,,,,,,,,,,,,,,,,,,,,,,
660cfa188,,,,,,,,,,,,,,,,,,,,,,,,
6612d3ab9,,,,,,,,,,,,,,,,,,,,,,,,
661acb581,,,,,,,,,,,,,,,,,,,,,,,,
664440cc1,,,,,,,,,,,,,,,,,,,,,,,,
6644a4394,,,,,,,,,,,,,,,,,,,,,,,,
6647de1de,,,,,,,,,,,,,,,,,,,,,,,,
66499fc74,,,,,,,,,,,,,,,,,,,,,,,,
666318477,,,,,,,,,,,,,,,,,,,,,,,,
666fa787d,,,,,,,,,,,,,,,,,,,,,,,,
66800b5e8,,,,,,,,,,,,,,,,,,,,,,,,
669ca1384,,,,,,,,,,,,,,,,,,,,,,,,
66b551e1c,,,,,,,,,,,,,,,,,,,,,,,,
66c0b7a87,,,,,,,,,,,,,,,,,,,,,,,,
66d843421,,,,,,,,,,,,,,,,,,,,,,,,
66f148c5d,,,,,,,,,,,,,,,,,,,,,,,,
670fa8fe4,,,,,,,,,,,,,,,,,,,,,,,,
6716d7b0a,,,,,,,,,,,,,,,,,,,,,,,,
672c6cb7e,,,,,,,,,,,,,,,,,,,,,,,,
6754afd3e,,,,,,,,,,,,,,,,,,,,,,,,
677375eab,,,,,,,,,,,,,,,,,,,,,,,,
6774f4a94,,,,,,,,,,,,,,,,,,,,,,,,
677674f7e,,,,,,,,,,,,,,,,,,,,,,,,
677d702ed,,,,,,,,,,,,,,,,,,,,,,,,
677eadf1d,,,,,,,,,,,,,,,,,,,,,,,,
67b4e6106,,,,,,,,,,,,,,,,,,,,,,,,
67e281c93,,,,,,,,,,,,,,,,,,,,,,,,
67e743e50,,,,,,,,,,,,,,,,,,,,,,,,
67f65024c,,,,,,,,,,,,,,,,,,,,,,,,
68271ac06,,,,,,,,,,,,,,,,,,,,,,,,
683b2d33a,,,,,,,,,,,,,,,,,,,,,,,,
6842ad5f5,,,,,,,,,,,,,,,,,,,,,,,,
68516c163,,,,,,,,,,,,,,,,,,,,,,,,
6874c0d4d,,,,,,,,,,,,,,,,,,,,,,,,
6883ca9da,,,,,,,,,,,,,,,,,,,,,,,,
6883e6410,,,,,,,,,,,,,,,,,,,,,,,,
688e9f624,,,,,,,,,,,,,,,,,,,,,,,,
68a9682da,,,,,,,,,,,,,,,,,,,,,,,,
68f29b7ff,,,,,,,,,,,,,,,,,,,,,,,,
68f5b5475,,,,,,,,,,,,,,,,,,,,,,,,
69052d450,,,,,,,,,,,,,,,,,,,,,,,,
699180f02,,,,,,,,,,,,,,,,,,,,,,,,
699a84cc6,,,,,,,,,,,,,,,,,,,,,,,,
699beb630,,,,,,,,,,,,,,,,,,,,,,,,
69af71b93,,,,,,,,,,,,,,,,,,,,,,,,
69df70ed4,,,,,,,,,,,,,,,,,,,,,,,,
69e703021,,,,,,,,,,,,,,,,,,,,,,,,
6a22383e8,,,,,,,,,,,,,,,,,,,,,,,,
6a2f51a91,,,,,,,,,,,,,,,,,,,,,,,,
6a398f741,,,,,,,,,,,,,,,,,,,,,,,,
6a422bf2a,,,,,,,,,,,,,,,,,,,,,,,,
6a64ed14a,,,,,,,,,,,,,,,,,,,,,,,,
6a69edc38,,,,,,,,,,,,,,,,,,,,,,,,
6ab2c0f60,,,,,,,,,,,,,,,,,,,,,,,,
6ae8f5382,,,,,,,,,,,,,,,,,,,,,,,,
6af5b3562,,,,,,,,,,,,,,,,,,,,,,,,
6aff5cf53,,,,,,,,,,,,,,,,,,,,,,,,
6b1d82872,,,,,,,,,,,,,,,,,,,,,,,,
6b2e36461,,,,,,,,,,,,,,,,,,,,,,,,
6b5a3bd5d,,,,,,,,,,,,,,,,,,,,,,,,
6b5d3d437,,,,,,,,,,,,,,,,,,,,,,,,
6b6f122ef,,,,,,,,,,,,,,,,,,,,,,,,
6ba56d580,,,,,,,,,,,,,,,,,,,,,,,,
6bae6bb3f,,,,,,,,,,,,,,,,,,,,,,,,
6be4c02d4,,,,,,,,,,,,,,,,,,,,,,,,
6becbad51,,,,,,,,,,,,,,,,,,,,,,,,
6c0c838b2,,,,,,,,,,,,,,,,,,,,,,,,
6c113beb2,,,,,,,,,,,,,,,,,,,,,,,,
6c39a091e,,,,,,,,,,,,,,,,,,,,,,,,
6c7eabc0f,,,,,,,,,,,,,,,,,,,,,,,,
6c860fd6c,,,,,,,,,,,,,,,,,,,,,,,,
6c9a8a0d2,,,,,,,,,,,,,,,,,,,,,,,,
6cacd1ead,,,,,,,,,,,,,,,,,,,,,,,,
6cb435384,,,,,,,,,,,,,,,,,,,,,,,,
6cd0c5f0a,,,,,,,,,,,,,,,,,,,,,,,,
6d182bbc9,,,,,,,,,,,,,,,,,,,,,,,,
6d57eea35,,,,,,,,,,,,,,,,,,,,,,,,
6d6752935,,,,,,,,,,,,,,,,,,,,,,,,
6d67cb361,,,,,,,,,,,,,,,,,,,,,,,,
6d932f64a,,,,,,,,,,,,,,,,,,,,,,,,
6da21a6db,,,,,,,,,,,,,,,,,,,,,,,,
6dad5ba07,,,,,,,,,,,,,,,,,,,,,,,,
6db174e0c,,,,,,,,,,,,,,,,,,,,,,,,
6db23a946,,,,,,,,,,,,,,,,,,,,,,,,
6de189e9d,,,,,,,,,,,,,,,,,,,,,,,,
6e1646f0b,,,,,,,,,,,,,,,,,,,,,,,,
6e851ea36,,,,,,,,,,,,,,,,,,,,,,,,
6e859b763,,,,,,,,,,,,,,,,,,,,,,,,
6e8a6cdfe,,,,,,,,,,,,,,,,,,,,,,,,
6e8b08ce8,,,,,,,,,,,,,,,,,,,,,,,,
6ecc35443,,,,,,,,,,,,,,,,,,,,,,,,
6eda19391,,,,,,,,,,,,,,,,,,,,,,,,
6ef4eb565,,,,,,,,,,,,,,,,,,,,,,,,
6f8d040b9,,,,,,,,,,,,,,,,,,,,,,,,
6f96804da,,,,,,,,,,,,,,,,,,,,,,,,
6f976878c,,,,,,,,,,,,,,,,,,,,,,,,
6fa69ce64,,,,,,,,,,,,,,,,,,,,,,,,
6fcaf6dbc,,,,,,,,,,,,,,,,,,,,,,,,
6fe7a5f5e,,,,,,,,,,,,,,,,,,,,,,,,
700df7012,,,,,,,,,,,,,,,,,,,,,,,,
70384f847,,,,,,,,,,,,,,,,,,,,,,,,
705b77383,,,,,,,,,,,,,,,,,,,,,,,,
70653d037,,,,,,,,,,,,,,,,,,,,,,,,
708b4b240,,,,,,,,,,,,,,,,,,,,,,,,
708c774b9,,,,,,,,,,,,,,,,,,,,,,,,
708f81747,,,,,,,,,,,,,,,,,,,,,,,,
70ceac163,,,,,,,,,,,,,,,,,,,,,,,,
71102761d,,,,,,,,,,,,,,,,,,,,,,,,
714512eb2,,,,,,,,,,,,,,,,,,,,,,,,
714ecd7cd,,,,,,,,,,,,,,,,,,,,,,,,
7164a292c,,,,,,,,,,,,,,,,,,,,,,,,
717853206,,,,,,,,,,,,,,,,,,,,,,,,
718f2c55a,,,,,,,,,,,,,,,,,,,,,,,,
71b8a2875,,,,,,,,,,,,,,,,,,,,,,,,
71f95b9e0,,,,,,,,,,,,,,,,,,,,,,,,
7229f26c3,,,,,,,,,,,,,,,,,,,,,,,,
7260e1bcb,,,,,,,,,,,,,,,,,,,,,,,,
72cff3541,,,,,,,,,,,,,,,,,,,,,,,,
72d7c1ddf,,,,,,,,,,,,,,,,,,,,,,,,
72e8bc7cb,,,,,,,,,,,,,,,,,,,,,,,,
73022e436,,,,,,,,,,,,,,,,,,,,,,,,
731f955fd,,,,,,,,,,,,,,,,,,,,,,,,
7322733f3,,,,,,,,,,,,,,,,,,,,,,,,
73afe835f,,,,,,,,,,,,,,,,,,,,,,,,
73c569158,,,,,,,,,,,,,,,,,,,,,,,,
73d6e4645,,,,,,,,,,,,,,,,,,,,,,,,
7434dedf6,,,,,,,,,,,,,,,,,,,,,,,,
7443d5207,,,,,,,,,,,,,,,,,,,,,,,,
745513573,,,,,,,,,,,,,,,,,,,,,,,,
7483a2e79,,,,,,,,,,,,,,,,,,,,,,,,
75094bb01,,,,,,,,,,,,,,,,,,,,,,,,
750bb6448,,,,,,,,,,,,,,,,,,,,,,,,
75362fb89,,,,,,,,,,,,,,,,,,,,,,,,
7586f270f,,,,,,,,,,,,,,,,,,,,,,,,
763ef52a9,,,,,,,,,,,,,,,,,,,,,,,,
767a7d7a9,,,,,,,,,,,,,,,,,,,,,,,,
767e3787c,,,,,,,,,,,,,,,,,,,,,,,,
76b3bef7a,,,,,,,,,,,,,,,,,,,,,,,,
76bc9615b,,,,,,,,,,,,,,,,,,,,,,,,
76cddc646,,,,,,,,,,,,,,,,,,,,,,,,
772929215,,,,,,,,,,,,,,,,,,,,,,,,
773710e15,,,,,,,,,,,,,,,,,,,,,,,,
776742a1c,,,,,,,,,,,,,,,,,,,,,,,,
779b88e51,,,,,,,,,,,,,,,,,,,,,,,,
779ea14af,,,,,,,,,,,,,,,,,,,,,,,,
77c98152a,,,,,,,,,,,,,,,,,,,,,,,,
780aa1912,,,,,,,,,,,,,,,,,,,,,,,,
781b3953a,,,,,,,,,,,,,,,,,,,,,,,,
78362ba61,,,,,,,,,,,,,,,,,,,,,,,,
787281b82,,,,,,,,,,,,,,,,,,,,,,,,
78f862e89,,,,,,,,,,,,,,,,,,,,,,,,
79214cee2,,,,,,,,,,,,,,,,,,,,,,,,
795db1686,,,,,,,,,,,,,,,,,,,,,,,,
796c26ad1,,,,,,,,,,,,,,,,,,,,,,,,
79a7f2f43,,,,,,,,,,,,,,,,,,,,,,,,
7a0158cca,,,,,,,,,,,,,,,,,,,,,,,,
7a0dda1d3,,,,,,,,,,,,,,,,,,,,,,,,
7a1fd7aab,,,,,,,,,,,,,,,,,,,,,,,,
7a38b6e03,,,,,,,,,,,,,,,,,,,,,,,,
7a7cd4c19,,,,,,,,,,,,,,,,,,,,,,,,
7a7fb42e4,,,,,,,,,,,,,,,,,,,,,,,,
7a9d3c23f,,,,,,,,,,,,,,,,,,,,,,,,
7aa408ae3,,,,,,,,,,,,,,,,,,,,,,,,
7aa569d11,,,,,,,,,,,,,,,,,,,,,,,,
7ae03acce,,,,,,,,,,,,,,,,,,,,,,,,
7ae4058aa,,,,,,,,,,,,,,,,,,,,,,,,
7af110303,,,,,,,,,,,,,,,,,,,,,,,,
7af188bff,,,,,,,,,,,,,,,,,,,,,,,,
7b087df90,,,,,,,,,,,,,,,,,,,,,,,,
7b1219fc4,,,,,,,,,,,,,,,,,,,,,,,,
7b7d6d206,,,,,,,,,,,,,,,,,,,,,,,,
7ba22e1e5,,,,,,,,,,,,,,,,,,,,,,,,
7ba7d8dcd,,,,,,,,,,,,,,,,,,,,,,,,
7ba8d0f10,,,,,,,,,,,,,,,,,,,,,,,,
7bfe229c1,,,,,,,,,,,,,,,,,,,,,,,,
7c3b73585,,,,,,,,,,,,,,,,,,,,,,,,
7c3f80ebe,,,,,,,,,,,,,,,,,,,,,,,,
7c424b3c9,,,,,,,,,,,,,,,,,,,,,,,,
7c712b45f,,,,,,,,,,,,,,,,,,,,,,,,
7cfaed5a0,,,,,,,,,,,,,,,,,,,,,,,,
7d064b789,,,,,,,,,,,,,,,,,,,,,,,,
7d188d367,,,,,,,,,,,,,,,,,,,,,,,,
7d4c75228,,,,,,,,,,,,,,,,,,,,,,,,
7dafb75e0,,,,,,,,,,,,,,,,,,,,,,,,
7df2eb324,,,,,,,,,,,,,,,,,,,,,,,,
7e025e0bf,,,,,,,,,,,,,,,,,,,,,,,,
7e0cfe1ff,,,,,,,,,,,,,,,,,,,,,,,,
7e14bfa8e,,,,,,,,,,,,,,,,,,,,,,,,
7e44c0517,,,,,,,,,,,,,,,,,,,,,,,,
7e4cddea9,,,,,,,,,,,,,,,,,,,,,,,,
7e71fb999,,,,,,,,,,,,,,,,,,,,,,,,
7e9996cde,,,,,,,,,,,,,,,,,,,,,,,,
7eabc039d,,,,,,,,,,,,,,,,,,,,,,,,
7eeb43895,,,,,,,,,,,,,,,,,,,,,,,,
7f062e3ed,,,,,,,,,,,,,,,,,,,,,,,,
7f5a74a8b,,,,,,,,,,,,,,,,,,,,,,,,
7f6e5e0c0,,,,,,,,,,,,,,,,,,,,,,,,
7f8da4ec2,,,,,,,,,,,,,,,,,,,,,,,,
7f9fdae3f,,,,,,,,,,,,,,,,,,,,,,,,
7fb4d1a5b,,,,,,,,,,,,,,,,,,,,,,,,
7fc6be4e4,,,,,,,,,,,,,,,,,,,,,,,,
7fdb5e049,,,,,,,,,,,,,,,,,,,,,,,,
8007833af,,,,,,,,,,,,,,,,,,,,,,,,
803e8ff4c,,,,,,,,,,,,,,,,,,,,,,,,
8069f20d9,,,,,,,,,,,,,,,,,,,,,,,,
808b6ea46,,,,,,,,,,,,,,,,,,,,,,,,
80bbaff26,,,,,,,,,,,,,,,,,,,,,,,,
80bc56061,,,,,,,,,,,,,,,,,,,,,,,,
80d10d363,,,,,,,,,,,,,,,,,,,,,,,,
80d53acbc,,,,,,,,,,,,,,,,,,,,,,,,
8108e9e2a,,,,,,,,,,,,,,,,,,,,,,,,
813af36d3,,,,,,,,,,,,,,,,,,,,,,,,
815d4a15d,,,,,,,,,,,,,,,,,,,,,,,,
81677b2c6,,,,,,,,,,,,,,,,,,,,,,,,
81aded687,,,,,,,,,,,,,,,,,,,,,,,,
81bc9880b,,,,,,,,,,,,,,,,,,,,,,,,
820b4bb9e,,,,,,,,,,,,,,,,,,,,,,,,
8227824e9,,,,,,,,,,,,,,,,,,,,,,,,
8241fc826,,,,,,,,,,,,,,,,,,,,,,,,
8252ff47d,,,,,,,,,,,,,,,,,,,,,,,,
8265631d1,,,,,,,,,,,,,,,,,,,,,,,,
82808ee33,,,,,,,,,,,,,,,,,,,,,,,,
828bdc0bb,,,,,,,,,,,,,,,,,,,,,,,,
829453953,,,,,,,,,,,,,,,,,,,,,,,,
829713c5c,,,,,,,,,,,,,,,,,,,,,,,,
82a8943d2,,,,,,,,,,,,,,,,,,,,,,,,
82b8cf44d,,,,,,,,,,,,,,,,,,,,,,,,
82e1a9793,,,,,,,,,,,,,,,,,,,,,,,,
82ec9ea50,,,,,,,,,,,,,,,,,,,,,,,,
82f0ad1a7,,,,,,,,,,,,,,,,,,,,,,,,
8341398b5,,,,,,,,,,,,,,,,,,,,,,,,
838ee57d5,,,,,,,,,,,,,,,,,,,,,,,,
83937e581,,,,,,,,,,,,,,,,,,,,,,,,
83d3cc8e2,,,,,,,,,,,,,,,,,,,,,,,,
8421eb235,,,,,,,,,,,,,,,,,,,,,,,,
844544936,,,,,,,,,,,,,,,,,,,,,,,,
848a12070,,,,,,,,,,,,,,,,,,,,,,,,
848dd0607,,,,,,,,,,,,,,,,,,,,,,,,
850ddac0a,,,,,,,,,,,,,,,,,,,,,,,,
852f9c2cf,,,,,,,,,,,,,,,,,,,,,,,,
854da9916,,,,,,,,,,,,,,,,,,,,,,,,
85a0c6cbb,,,,,,,,,,,,,,,,,,,,,,,,
85a13c5d3,,,,,,,,,,,,,,,,,,,,,,,,
85a44d188,,,,,,,,,,,,,,,,,,,,,,,,
85b951df8,,,,,,,,,,,,,,,,,,,,,,,,
85c622121,,,,,,,,,,,,,,,,,,,,,,,,
85d896c99,,,,,,,,,,,,,,,,,,,,,,,,
86378a891,,,,,,,,,,,,,,,,,,,,,,,,
864c7cf66,,,,,,,,,,,,,,,,,,,,,,,,
86516a59b,,,,,,,,,,,,,,,,,,,,,,,,
86681bee1,,,,,,,,,,,,,,,,,,,,,,,,
86797d9ba,,,,,,,,,,,,,,,,,,,,,,,,
8697e8bd8,,,,,,,,,,,,,,,,,,,,,,,,
86a229236,,,,,,,,,,,,,,,,,,,,,,,,
86b01f91f,,,,,,,,,,,,,,,,,,,,,,,,
86b7e2ffd,,,,,,,,,,,,,,,,,,,,,,,,
86bb45056,,,,,,,,,,,,,,,,,,,,,,,,
86bda2515,,,,,,,,,,,,,,,,,,,,,,,,
86c65015b,,,,,,,,,,,,,,,,,,,,,,,,
86e6beb0c,,,,,,,,,,,,,,,,,,,,,,,,
86eec0c08,,,,,,,,,,,,,,,,,,,,,,,,
871429c88,,,,,,,,,,,,,,,,,,,,,,,,
87ad1a79c,,,,,,,,,,,,,,,,,,,,,,,,
87edc6ad9,,,,,,,,,,,,,,,,,,,,,,,,
885540a1b,,,,,,,,,,,,,,,,,,,,,,,,
888fe0a8b,,,,,,,,,,,,,,,,,,,,,,,,
889442c75,,,,,,,,,,,,,,,,,,,,,,,,
88acfc06f,,,,,,,,,,,,,,,,,,,,,,,,
88be53830,,,,,,,,,,,,,,,,,,,,,,,,
88cbc1e07,,,,,,,,,,,,,,,,,,,,,,,,
88f845482,,,,,,,,,,,,,,,,,,,,,,,,
890a3e4dd,,,,,,,,,,,,,,,,,,,,,,,,
892f2856b,,,,,,,,,,,,,,,,,,,,,,,,
897882424,,,,,,,,,,,,,,,,,,,,,,,,
897dec4a0,,,,,,,,,,,,,,,,,,,,,,,,
8984410b4,,,,,,,,,,,,,,,,,,,,,,,,
89c80dc08,,,,,,,,,,,,,,,,,,,,,,,,
89c89ea72,,,,,,,,,,,,,,,,,,,,,,,,
89d9af020,,,,,,,,,,,,,,,,,,,,,,,,
89fe7fca6,,,,,,,,,,,,,,,,,,,,,,,,
8a455fa04,,,,,,,,,,,,,,,,,,,,,,,,
8a554bb18,,,,,,,,,,,,,,,,,,,,,,,,
8aa67d98d,,,,,,,,,,,,,,,,,,,,,,,,
8aa8fe771,,,,,,,,,,,,,,,,,,,,,,,,
8aab34fbf,,,,,,,,,,,,,,,,,,,,,,,,
8aaf74b7a,,,,,,,,,,,,,,,,,,,,,,,,
8ad354343,,,,,,,,,,,,,,,,,,,,,,,,
8b0468a55,,,,,,,,,,,,,,,,,,,,,,,,
8b2162a9a,,,,,,,,,,,,,,,,,,,,,,,,
8b4549fcb,,,,,,,,,,,,,,,,,,,,,,,,
8b506f51d,,,,,,,,,,,,,,,,,,,,,,,,
8b5f83172,,,,,,,,,,,,,,,,,,,,,,,,
8b8f1beaa,,,,,,,,,,,,,,,,,,,,,,,,
8ba33506f,,,,,,,,,,,,,,,,,,,,,,,,
8bb09d1ac,,,,,,,,,,,,,,,,,,,,,,,,
8bd2dcf17,,,,,,,,,,,,,,,,,,,,,,,,
8bf232851,,,,,,,,,,,,,,,,,,,,,,,,
8bf28af37,,,,,,,,,,,,,,,,,,,,,,,,
8bf3680f6,,,,,,,,,,,,,,,,,,,,,,,,
8c1384bc5,,,,,,,,,,,,,,,,,,,,,,,,
8c3801df7,,,,,,,,,,,,,,,,,,,,,,,,
8c76ae5d1,,,,,,,,,,,,,,,,,,,,,,,,
8c97e1be3,,,,,,,,,,,,,,,,,,,,,,,,
8c9901ea4,,,,,,,,,,,,,,,,,,,,,,,,
8ca49dac4,,,,,,,,,,,,,,,,,,,,,,,,
8cc7be1ef,,,,,,,,,,,,,,,,,,,,,,,,
8cdac6cc5,,,,,,,,,,,,,,,,,,,,,,,,
8d1e9d6c1,,,,,,,,,,,,,,,,,,,,,,,,
8d2f603fa,,,,,,,,,,,,,,,,,,,,,,,,
8d73a8fe9,,,,,,,,,,,,,,,,,,,,,,,,
8d76a5841,,,,,,,,,,,,,,,,,,,,,,,,
8da7476d3,,,,,,,,,,,,,,,,,,,,,,,,
8dc663cc1,,,,,,,,,,,,,,,,,,,,,,,,
8dc99d34c,,,,,,,,,,,,,,,,,,,,,,,,
8dd622336,,,,,,,,,,,,,,,,,,,,,,,,
8dec41842,,,,,,,,,,,,,,,,,,,,,,,,
8e05ea88f,,,,,,,,,,,,,,,,,,,,,,,,
8e063da9b,,,,,,,,,,,,,,,,,,,,,,,,
8e2a4d634,,,,,,,,,,,,,,,,,,,,,,,,
8e4775622,,,,,,,,,,,,,,,,,,,,,,,,
8e528028b,,,,,,,,,,,,,,,,,,,,,,,,
8e71e48ff,,,,,,,,,,,,,,,,,,,,,,,,
8e879abea,,,,,,,,,,,,,,,,,,,,,,,,
8ea5e9098,,,,,,,,,,,,,,,,,,,,,,,,
8ec2fa5d8,,,,,,,,,,,,,,,,,,,,,,,,
8f08fecc4,,,,,,,,,,,,,,,,,,,,,,,,
8f1a07b59,,,,,,,,,,,,,,,,,,,,,,,,
8f1d1ee6b,,,,,,,,,,,,,,,,,,,,,,,,
8f308b3d3,,,,,,,,,,,,,,,,,,,,,,,,
8f309bb98,,,,,,,,,,,,,,,,,,,,,,,,
8f37d32c2,,,,,,,,,,,,,,,,,,,,,,,,
8f8217c50,,,,,,,,,,,,,,,,,,,,,,,,
8f887e6b9,,,,,,,,,,,,,,,,,,,,,,,,
8fd4cd332,,,,,,,,,,,,,,,,,,,,,,,,
8fefe1c3e,,,,,,,,,,,,,,,,,,,,,,,,
9029f31b7,,,,,,,,,,,,,,,,,,,,,,,,
9065f71df,,,,,,,,,,,,,,,,,,,,,,,,
906890122,,,,,,,,,,,,,,,,,,,,,,,,
909dd653a,,,,,,,,,,,,,,,,,,,,,,,,
90c001537,,,,,,,,,,,,,,,,,,,,,,,,
90d8de72b,,,,,,,,,,,,,,,,,,,,,,,,
90ee11fdd,,,,,,,,,,,,,,,,,,,,,,,,
911410be5,,,,,,,,,,,,,,,,,,,,,,,,
91230eb94,,,,,,,,,,,,,,,,,,,,,,,,
912391168,,,,,,,,,,,,,,,,,,,,,,,,
91390f004,,,,,,,,,,,,,,,,,,,,,,,,
913d068d5,,,,,,,,,,,,,,,,,,,,,,,,
91718392f,,,,,,,,,,,,,,,,,,,,,,,,
917e06722,,,,,,,,,,,,,,,,,,,,,,,,
91c52abc7,,,,,,,,,,,,,,,,,,,,,,,,
91e2476b6,,,,,,,,,,,,,,,,,,,,,,,,
920a7f806,,,,,,,,,,,,,,,,,,,,,,,,
923b713aa,,,,,,,,,,,,,,,,,,,,,,,,
927796856,,,,,,,,,,,,,,,,,,,,,,,,
928deee72,,,,,,,,,,,,,,,,,,,,,,,,
92ab93a32,,,,,,,,,,,,,,,,,,,,,,,,
92ac00af7,,,,,,,,,,,,,,,,,,,,,,,,
92b4e565c,,,,,,,,,,,,,,,,,,,,,,,,
92b88617c,,,,,,,,,,,,,,,,,,,,,,,,
92ba3e87d,,,,,,,,,,,,,,,,,,,,,,,,
92f29b565,,,,,,,,,,,,,,,,,,,,,,,,
933a8e9e1,,,,,,,,,,,,,,,,,,,,,,,,
93432ccd0,,,,,,,,,,,,,,,,,,,,,,,,
938ecb4d7,,,,,,,,,,,,,,,,,,,,,,,,
938f80a50,,,,,,,,,,,,,,,,,,,,,,,,
9394c7bbb,,,,,,,,,,,,,,,,,,,,,,,,
9396154be,,,,,,,,,,,,,,,,,,,,,,,,
93d33351a,,,,,,,,,,,,,,,,,,,,,,,,
93e6b8ec8,,,,,,,,,,,,,,,,,,,,,,,,
9415b4591,,,,,,,,,,,,,,,,,,,,,,,,
943712f48,,,,,,,,,,,,,,,,,,,,,,,,
9452bf187,,,,,,,,,,,,,,,,,,,,,,,,
9471e1ea3,,,,,,,,,,,,,,,,,,,,,,,,
947822926,,,,,,,,,,,,,,,,,,,,,,,,
948700ad7,,,,,,,,,,,,,,,,,,,,,,,,
94a9898cb,,,,,,,,,,,,,,,,,,,,,,,,
94e63cf8b,,,,,,,,,,,,,,,,,,,,,,,,
950594fd7,,,,,,,,,,,,,,,,,,,,,,,,
950862280,,,,,,,,,,,,,,,,,,,,,,,,
950dd68c4,,,,,,,,,,,,,,,,,,,,,,,,
951be2b61,,,,,,,,,,,,,,,,,,,,,,,,
955cf5f38,,,,,,,,,,,,,,,,,,,,,,,,
9577bc965,,,,,,,,,,,,,,,,,,,,,,,,
95a24149c,,,,,,,,,,,,,,,,,,,,,,,,
95d39c9e9,,,,,,,,,,,,,,,,,,,,,,,,
9613f93c9,,,,,,,,,,,,,,,,,,,,,,,,
9657af2e8,,,,,,,,,,,,,,,,,,,,,,,,
973cd3954,,,,,,,,,,,,,,,,,,,,,,,,
9743cbcc5,,,,,,,,,,,,,,,,,,,,,,,,
97929971c,,,,,,,,,,,,,,,,,,,,,,,,
97984fbd0,,,,,,,,,,,,,,,,,,,,,,,,
979e1671b,,,,,,,,,,,,,,,,,,,,,,,,
97a36ae45,,,,,,,,,,,,,,,,,,,,,,,,
980d6724b,,,,,,,,,,,,,,,,,,,,,,,,
984e1fe6e,,,,,,,,,,,,,,,,,,,,,,,,
985decd97,,,,,,,,,,,,,,,,,,,,,,,,
987f05fda,,,,,,,,,,,,,,,,,,,,,,,,
988292ebb,,,,,,,,,,,,,,,,,,,,,,,,
988478ecb,,,,,,,,,,,,,,,,,,,,,,,,
98972d68b,,,,,,,,,,,,,,,,,,,,,,,,
98a5002b7,,,,,,,,,,,,,,,,,,,,,,,,
98a98a4b9,,,,,,,,,,,,,,,,,,,,,,,,
98cdab3e2,,,,,,,,,,,,,,,,,,,,,,,,
98f6cb2de,,,,,,,,,,,,,,,,,,,,,,,,
99218e927,,,,,,,,,,,,,,,,,,,,,,,,
995c22165,,,,,,,,,,,,,,,,,,,,,,,,
9981dc289,,,,,,,,,,,,,,,,,,,,,,,,
9989e1bf7,,,,,,,,,,,,,,,,,,,,,,,,
9999f1a89,,,,,,,,,,,,,,,,,,,,,,,,
99ad98e91,,,,,,,,,,,,,,,,,,,,,,,,
99c73bf89,,,,,,,,,,,,,,,,,,,,,,,,
9a06dc729,,,,,,,,,,,,,,,,,,,,,,,,
9a13bb065,,,,,,,,,,,,,,,,,,,,,,,,
9a28952a9,,,,,,,,,,,,,,,,,,,,,,,,
9a447ded0,,,,,,,,,,,,,,,,,,,,,,,,
9a7d598ce,,,,,,,,,,,,,,,,,,,,,,,,
9a8f6735d,,,,,,,,,,,,,,,,,,,,,,,,
9a903791d,,,,,,,,,,,,,,,,,,,,,,,,
9aaaedb65,,,,,,,,,,,,,,,,,,,,,,,,
9af4e926d,,,,,,,,,,,,,,,,,,,,,,,,
9b04cb537,,,,,,,,,,,,,,,,,,,,,,,,
9b166a820,,,,,,,,,,,,,,,,,,,,,,,,
9b2b0d92a,,,,,,,,,,,,,,,,,,,,,,,,
9b404af94,,,,,,,,,,,,,,,,,,,,,,,,
9b6882579,,,,,,,,,,,,,,,,,,,,,,,,
9bbe1050a,,,,,,,,,,,,,,,,,,,,,,,,
9be1aaa1a,,,,,,,,,,,,,,,,,,,,,,,,
9c1b276aa,,,,,,,,,,,,,,,,,,,,,,,,
9c63c471e,,,,,,,,,,,,,,,,,,,,,,,,
9c6c3078b,,,,,,,,,,,,,,,,,,,,,,,,
9c9532135,,,,,,,,,,,,,,,,,,,,,,,,
9d3024eb7,,,,,,,,,,,,,,,,,,,,,,,,
9d8605c28,,,,,,,,,,,,,,,,,,,,,,,,
9db1e12eb,,,,,,,,,,,,,,,,,,,,,,,,
9e6fa9cc3,,,,,,,,,,,,,,,,,,,,,,,,
9ef5ebefb,,,,,,,,,,,,,,,,,,,,,,,,
9f1559080,,,,,,,,,,,,,,,,,,,,,,,,
9f205efc1,,,,,,,,,,,,,,,,,,,,,,,,
9f6779027,,,,,,,,,,,,,,,,,,,,,,,,
9f96615ec,,,,,,,,,,,,,,,,,,,,,,,,
9fb421244,,,,,,,,,,,,,,,,,,,,,,,,
9fd5ad403,,,,,,,,,,,,,,,,,,,,,,,,
9fd63740f,,,,,,,,,,,,,,,,,,,,,,,,
9fe122d66,,,,,,,,,,,,,,,,,,,,,,,,
9fe8291e8,,,,,,,,,,,,,,,,,,,,,,,,
a00e553a7,,,,,,,,,,,,,,,,,,,,,,,,
a06ca8e1a,,,,,,,,,,,,,,,,,,,,,,,,
a06e7d997,,,,,,,,,,,,,,,,,,,,,,,,
a081aac16,,,,,,,,,,,,,,,,,,,,,,,,
a0a513e90,,,,,,,,,,,,,,,,,,,,,,,,
a0af37db8,,,,,,,,,,,,,,,,,,,,,,,,
a0bd03088,,,,,,,,,,,,,,,,,,,,,,,,
a0d135df8,,,,,,,,,,,,,,,,,,,,,,,,
a0e0e7d8e,,,,,,,,,,,,,,,,,,,,,,,,
a0e8f168b,,,,,,,,,,,,,,,,,,,,,,,,
a11667cfe,,,,,,,,,,,,,,,,,,,,,,,,
a1672cfa4,,,,,,,,,,,,,,,,,,,,,,,,
a17318cc7,,,,,,,,,,,,,,,,,,,,,,,,
a1b153c02,,,,,,,,,,,,,,,,,,,,,,,,
a2074e5a7,,,,,,,,,,,,,,,,,,,,,,,,
a2315b000,,,,,,,,,,,,,,,,,,,,,,,,
a23b9bc99,,,,,,,,,,,,,,,,,,,,,,,,
a2450e293,,,,,,,,,,,,,,,,,,,,,,,,
a26512e4c,,,,,,,,,,,,,,,,,,,,,,,,
a2b02591c,,,,,,,,,,,,,,,,,,,,,,,,
a2c012567,,,,,,,,,,,,,,,,,,,,,,,,
a2f2ed8cb,,,,,,,,,,,,,,,,,,,,,,,,
a2f85dd14,,,,,,,,,,,,,,,,,,,,,,,,
a2f9ff5f1,,,,,,,,,,,,,,,,,,,,,,,,
a30676283,,,,,,,,,,,,,,,,,,,,,,,,
a3086b63a,,,,,,,,,,,,,,,,,,,,,,,,
a30bb0abd,,,,,,,,,,,,,,,,,,,,,,,,
a32a658de,,,,,,,,,,,,,,,,,,,,,,,,
a347459e5,,,,,,,,,,,,,,,,,,,,,,,,
a34ddf261,,,,,,,,,,,,,,,,,,,,,,,,
a36335f2d,,,,,,,,,,,,,,,,,,,,,,,,
a37f3f9c5,,,,,,,,,,,,,,,,,,,,,,,,
a381c3afc,,,,,,,,,,,,,,,,,,,,,,,,
a3ad6ae80,,,,,,,,,,,,,,,,,,,,,,,,
a3fc38c6f,,,,,,,,,,,,,,,,,,,,,,,,
a436c487d,,,,,,,,,,,,,,,,,,,,,,,,
a43e226d1,,,,,,,,,,,,,,,,,,,,,,,,
a45899ab3,,,,,,,,,,,,,,,,,,,,,,,,
a45ffe729,,,,,,,,,,,,,,,,,,,,,,,,
a47b039ac,,,,,,,,,,,,,,,,,,,,,,,,
a4979223a,,,,,,,,,,,,,,,,,,,,,,,,
a4b6f8f47,,,,,,,,,,,,,,,,,,,,,,,,
a4bd9fea3,,,,,,,,,,,,,,,,,,,,,,,,
a4cd988a6,,,,,,,,,,,,,,,,,,,,,,,,
a4ec73732,,,,,,,,,,,,,,,,,,,,,,,,
a5127aca8,,,,,,,,,,,,,,,,,,,,,,,,
a52537195,,,,,,,,,,,,,,,,,,,,,,,,
a53bc36fe,,,,,,,,,,,,,,,,,,,,,,,,
a55e413a2,,,,,,,,,,,,,,,,,,,,,,,,
a58b8ccb4,,,,,,,,,,,,,,,,,,,,,,,,
a596610d2,,,,,,,,,,,,,,,,,,,,,,,,
a59ed6ea4,,,,,,,,,,,,,,,,,,,,,,,,
a5a5a85db,,,,,,,,,,,,,,,,,,,,,,,,
a5bb1b9a4,,,,,,,,,,,,,,,,,,,,,,,,
a5eaa2ad5,,,,,,,,,,,,,,,,,,,,,,,,
a5efeba98,,,,,,,,,,,,,,,,,,,,,,,,
a5fb95c1b,,,,,,,,,,,,,,,,,,,,,,,,
a67bcd9cb,,,,,,,,,,,,,,,,,,,,,,,,
a69df057c,,,,,,,,,,,,,,,,,,,,,,,,
a6a1235fb,,,,,,,,,,,,,,,,,,,,,,,,
a6ae9f153,,,,,,,,,,,,,,,,,,,,,,,,
a6beff8ac,,,,,,,,,,,,,,,,,,,,,,,,
a6c6efdbe,,,,,,,,,,,,,,,,,,,,,,,,
a6ca1101e,,,,,,,,,,,,,,,,,,,,,,,,
a7400693a,,,,,,,,,,,,,,,,,,,,,,,,
a74dac74e,,,,,,,,,,,,,,,,,,,,,,,,
a75df19ab,,,,,,,,,,,,,,,,,,,,,,,,
a77f548bd,,,,,,,,,,,,,,,,,,,,,,,,
a7a7fc534,,,,,,,,,,,,,,,,,,,,,,,,
a7c31f224,,,,,,,,,,,,,,,,,,,,,,,,
a7ebc2eb8,,,,,,,,,,,,,,,,,,,,,,,,
a81760ac4,,,,,,,,,,,,,,,,,,,,,,,,
a84a942e7,,,,,,,,,,,,,,,,,,,,,,,,
a853f71b6,,,,,,,,,,,,,,,,,,,,,,,,
a861d2eea,,,,,,,,,,,,,,,,,,,,,,,,
a875960e4,,,,,,,,,,,,,,,,,,,,,,,,
a8787f94b,,,,,,,,,,,,,,,,,,,,,,,,
a87e751cc,,,,,,,,,,,,,,,,,,,,,,,,
a88c64236,,,,,,,,,,,,,,,,,,,,,,,,
a8b02b220,,,,,,,,,,,,,,,,,,,,,,,,
a8e5c6ed4,,,,,,,,,,,,,,,,,,,,,,,,
a8ed8b3ba,,,,,,,,,,,,,,,,,,,,,,,,
a8f4848e8,,,,,,,,,,,,,,,,,,,,,,,,
a8f7306b8,,,,,,,,,,,,,,,,,,,,,,,,
a8fb199cc,,,,,,,,,,,,,,,,,,,,,,,,
a91135d08,,,,,,,,,,,,,,,,,,,,,,,,
a929a6311,,,,,,,,,,,,,,,,,,,,,,,,
a93af2c1e,,,,,,,,,,,,,,,,,,,,,,,,
a986f9f3a,,,,,,,,,,,,,,,,,,,,,,,,
a9d03a2c5,,,,,,,,,,,,,,,,,,,,,,,,
a9d25f100,,,,,,,,,,,,,,,,,,,,,,,,
a9e3524b5,,,,,,,,,,,,,,,,,,,,,,,,
a9eb1ee50,,,,,,,,,,,,,,,,,,,,,,,,
a9f6378b7,,,,,,,,,,,,,,,,,,,,,,,,
aa2533ff6,,,,,,,,,,,,,,,,,,,,,,,,
aa5931e4e,,,,,,,,,,,,,,,,,,,,,,,,
aa6b68473,,,,,,,,,,,,,,,,,,,,,,,,
aa8a7c0e2,,,,,,,,,,,,,,,,,,,,,,,,
aaaf2d5ed,,,,,,,,,,,,,,,,,,,,,,,,
aabb848a0,,,,,,,,,,,,,,,,,,,,,,,,
aabdd4b90,,,,,,,,,,,,,,,,,,,,,,,,
aad206921,,,,,,,,,,,,,,,,,,,,,,,,
aaebf3921,,,,,,,,,,,,,,,,,,,,,,,,
aaf62ba55,,,,,,,,,,,,,,,,,,,,,,,,
ab1f1dcc5,,,,,,,,,,,,,,,,,,,,,,,,
ab36fa26f,,,,,,,,,,,,,,,,,,,,,,,,
ab38f70f1,,,,,,,,,,,,,,,,,,,,,,,,
ab9aab476,,,,,,,,,,,,,,,,,,,,,,,,
aba967d65,,,,,,,,,,,,,,,,,,,,,,,,
ac31b69d3,,,,,,,,,,,,,,,,,,,,,,,,
ac88747c6,,,,,,,,,,,,,,,,,,,,,,,,
acb375d99,,,,,,,,,,,,,,,,,,,,,,,,
acdde2d25,,,,,,,,,,,,,,,,,,,,,,,,
acdeb08ff,,,,,,,,,,,,,,,,,,,,,,,,
ace73dc1b,,,,,,,,,,,,,,,,,,,,,,,,
ace85cf83,,,,,,,,,,,,,,,,,,,,,,,,
acef68037,,,,,,,,,,,,,,,,,,,,,,,,
ad68b757f,,,,,,,,,,,,,,,,,,,,,,,,
ad755f4eb,,,,,,,,,,,,,,,,,,,,,,,,
adbcf0878,,,,,,,,,,,,,,,,,,,,,,,,
ae2892c02,,,,,,,,,,,,,,,,,,,,,,,,
ae3edc12c,,,,,,,,,,,,,,,,,,,,,,,,
ae697ac31,,,,,,,,,,,,,,,,,,,,,,,,
ae7837315,,,,,,,,,,,,,,,,,,,,,,,,
ae974f741,,,,,,,,,,,,,,,,,,,,,,,,
aedba33f1,,,,,,,,,,,,,,,,,,,,,,,,
aedd34af0,,,,,,,,,,,,,,,,,,,,,,,,
aefa33092,,,,,,,,,,,,,,,,,,,,,,,,
af0c58dbf,,,,,,,,,,,,,,,,,,,,,,,,
af521b2c2,,,,,,,,,,,,,,,,,,,,,,,,
af7dfd18f,,,,,,,,,,,,,,,,,,,,,,,,
af87e56d5,,,,,,,,,,,,,,,,,,,,,,,,
af9583f67,,,,,,,,,,,,,,,,,,,,,,,,
afb46cb65,,,,,,,,,,,,,,,,,,,,,,,,
afc9a2f7c,,,,,,,,,,,,,,,,,,,,,,,,
afe753506,,,,,,,,,,,,,,,,,,,,,,,,
aff1afa50,,,,,,,,,,,,,,,,,,,,,,,,
b013e35f8,,,,,,,,,,,,,,,,,,,,,,,,
b04d8ec95,,,,,,,,,,,,,,,,,,,,,,,,
b06dd02e8,,,,,,,,,,,,,,,,,,,,,,,,
b07506d7c,,,,,,,,,,,,,,,,,,,,,,,,
b083bb8cc,,,,,,,,,,,,,,,,,,,,,,,,
b0876bc24,,,,,,,,,,,,,,,,,,,,,,,,
b0abbf07e,,,,,,,,,,,,,,,,,,,,,,,,
b10f40f4d,,,,,,,,,,,,,,,,,,,,,,,,
b11240943,,,,,,,,,,,,,,,,,,,,,,,,
b139bf559,,,,,,,,,,,,,,,,,,,,,,,,
b18a6c30b,,,,,,,,,,,,,,,,,,,,,,,,
b1d031907,,,,,,,,,,,,,,,,,,,,,,,,
b1d940254,,,,,,,,,,,,,,,,,,,,,,,,
b1e933e68,,,,,,,,,,,,,,,,,,,,,,,,
b1ead0f53,,,,,,,,,,,,,,,,,,,,,,,,
b2183868d,,,,,,,,,,,,,,,,,,,,,,,,
b22e6018a,,,,,,,,,,,,,,,,,,,,,,,,
b2481c53c,,,,,,,,,,,,,,,,,,,,,,,,
b272feced,,,,,,,,,,,,,,,,,,,,,,,,
b2d428063,,,,,,,,,,,,,,,,,,,,,,,,
b3713c061,,,,,,,,,,,,,,,,,,,,,,,,
b39690fb8,,,,,,,,,,,,,,,,,,,,,,,,
b3a1ec6d3,,,,,,,,,,,,,,,,,,,,,,,,
b3e5aaae2,,,,,,,,,,,,,,,,,,,,,,,,
b3ef0a463,,,,,,,,,,,,,,,,,,,,,,,,
b45339702,,,,,,,,,,,,,,,,,,,,,,,,
b473472e0,,,,,,,,,,,,,,,,,,,,,,,,
b4989838e,,,,,,,,,,,,,,,,,,,,,,,,
b49f13342,,,,,,,,,,,,,,,,,,,,,,,,
b4c47272e,,,,,,,,,,,,,,,,,,,,,,,,
b4d1a9dac,,,,,,,,,,,,,,,,,,,,,,,,
b5232944f,,,,,,,,,,,,,,,,,,,,,,,,
b528e5ca8,,,,,,,,,,,,,,,,,,,,,,,,
b53939d0a,,,,,,,,,,,,,,,,,,,,,,,,
b57b1eb43,,,,,,,,,,,,,,,,,,,,,,,,
b5892be47,,,,,,,,,,,,,,,,,,,,,,,,
b59fbc55f,,,,,,,,,,,,,,,,,,,,,,,,
b5b65c264,,,,,,,,,,,,,,,,,,,,,,,,
b5cbfec82,,,,,,,,,,,,,,,,,,,,,,,,
b61adfa9e,,,,,,,,,,,,,,,,,,,,,,,,
b628668b0,,,,,,,,,,,,,,,,,,,,,,,,
b6322fcb6,,,,,,,,,,,,,,,,,,,,,,,,
b63543b44,,,,,,,,,,,,,,,,,,,,,,,,
b664ddf0c,,,,,,,,,,,,,,,,,,,,,,,,
b67cbcdc7,,,,,,,,,,,,,,,,,,,,,,,,
b67d8039e,,,,,,,,,,,,,,,,,,,,,,,,
b6856f4df,,,,,,,,,,,,,,,,,,,,,,,,
b6a030720,,,,,,,,,,,,,,,,,,,,,,,,
b6f4703ee,,,,,,,,,,,,,,,,,,,,,,,,
b70c1b861,,,,,,,,,,,,,,,,,,,,,,,,
b73aeaa19,,,,,,,,,,,,,,,,,,,,,,,,
b77f86447,,,,,,,,,,,,,,,,,,,,,,,,
b7d0cad34,,,,,,,,,,,,,,,,,,,,,,,,
b7f5a7c69,,,,,,,,,,,,,,,,,,,,,,,,
b824f7f88,,,,,,,,,,,,,,,,,,,,,,,,
b85474f46,,,,,,,,,,,,,,,,,,,,,,,,
b85e30ce9,,,,,,,,,,,,,,,,,,,,,,,,
b86aab063,,,,,,,,,,,,,,,,,,,,,,,,
b86eb189d,,,,,,,,,,,,,,,,,,,,,,,,
b86fa253f,,,,,,,,,,,,,,,,,,,,,,,,
b89ba376e,,,,,,,,,,,,,,,,,,,,,,,,
b8a3a223c,,,,,,,,,,,,,,,,,,,,,,,,
b8ae8ec81,,,,,,,,,,,,,,,,,,,,,,,,
b8d598ca7,,,,,,,,,,,,,,,,,,,,,,,,
b8eff0381,,,,,,,,,,,,,,,,,,,,,,,,
b90a0b10e,,,,,,,,,,,,,,,,,,,,,,,,
b917ba522,,,,,,,,,,,,,,,,,,,,,,,,
b98ffab0a,,,,,,,,,,,,,,,,,,,,,,,,
b996195f2,,,,,,,,,,,,,,,,,,,,,,,,
b9aa2af3e,,,,,,,,,,,,,,,,,,,,,,,,
b9ad1699d,,,,,,,,,,,,,,,,,,,,,,,,
b9b9b2b90,,,,,,,,,,,,,,,,,,,,,,,,
b9fc688f8,,,,,,,,,,,,,,,,,,,,,,,,
ba0ecf16e,,,,,,,,,,,,,,,,,,,,,,,,
ba1c9bbf0,,,,,,,,,,,,,,,,,,,,,,,,
ba54a8c3e,,,,,,,,,,,,,,,,,,,,,,,,
ba5de479c,,,,,,,,,,,,,,,,,,,,,,,,
ba5e44d20,,,,,,,,,,,,,,,,,,,,,,,,
ba73bf063,,,,,,,,,,,,,,,,,,,,,,,,
ba74b40db,,,,,,,,,,,,,,,,,,,,,,,,
bab063718,,,,,,,,,,,,,,,,,,,,,,,,
bacf636fc,,,,,,,,,,,,,,,,,,,,,,,,
bb1036ead,,,,,,,,,,,,,,,,,,,,,,,,
bb11c5e2f,,,,,,,,,,,,,,,,,,,,,,,,
bb4d48589,,,,,,,,,,,,,,,,,,,,,,,,
bb4d9025a,,,,,,,,,,,,,,,,,,,,,,,,
bb4e53aed,,,,,,,,,,,,,,,,,,,,,,,,
bb596fe23,,,,,,,,,,,,,,,,,,,,,,,,
bb717ee47,,,,,,,,,,,,,,,,,,,,,,,,
bbba8ebb0,,,,,,,,,,,,,,,,,,,,,,,,
bbcc3e69e,,,,,,,,,,,,,,,,,,,,,,,,
bbf635b46,,,,,,,,,,,,,,,,,,,,,,,,
bc0beee2d,,,,,,,,,,,,,,,,,,,,,,,,
bc14a3a10,,,,,,,,,,,,,,,,,,,,,,,,
bc2d10540,,,,,,,,,,,,,,,,,,,,,,,,
bc3fddbf9,,,,,,,,,,,,,,,,,,,,,,,,
bc790072c,,,,,,,,,,,,,,,,,,,,,,,,
bc8402b0f,,,,,,,,,,,,,,,,,,,,,,,,
bcbd7943a,,,,,,,,,,,,,,,,,,,,,,,,
bcfcfd206,,,,,,,,,,,,,,,,,,,,,,,,
bd10a767d,,,,,,,,,,,,,,,,,,,,,,,,
bd2632e71,,,,,,,,,,,,,,,,,,,,,,,,
bd3c37c1b,,,,,,,,,,,,,,,,,,,,,,,,
bdb3ce264,,,,,,,,,,,,,,,,,,,,,,,,
bddd24379,,,,,,,,,,,,,,,,,,,,,,,,
bdf57fe5f,,,,,,,,,,,,,,,,,,,,,,,,
be0431b10,,,,,,,,,,,,,,,,,,,,,,,,
be0d0f2e6,,,,,,,,,,,,,,,,,,,,,,,,
be4594f3b,,,,,,,,,,,,,,,,,,,,,,,,
be690f702,,,,,,,,,,,,,,,,,,,,,,,,
bed31e3f3,,,,,,,,,,,,,,,,,,,,,,,,
bf079baeb,,,,,,,,,,,,,,,,,,,,,,,,
bf0b739c8,,,,,,,,,,,,,,,,,,,,,,,,
bf194cc30,,,,,,,,,,,,,,,,,,,,,,,,
bf9758c4a,,,,,,,,,,,,,,,,,,,,,,,,
bfb972c0f,,,,,,,,,,,,,,,,,,,,,,,,
bfbe9cccf,,,,,,,,,,,,,,,,,,,,,,,,
bffed9892,,,,,,,,,,,,,,,,,,,,,,,,
c03baf7c8,,,,,,,,,,,,,,,,,,,,,,,,
c04064ead,,,,,,,,,,,,,,,,,,,,,,,,
c04fcbb8b,,,,,,,,,,,,,,,,,,,,,,,,
c05cf6b9f,,,,,,,,,,,,,,,,,,,,,,,,
c06b4603d,,,,,,,,,,,,,,,,,,,,,,,,
c0873f5c2,,,,,,,,,,,,,,,,,,,,,,,,
c09606d04,,,,,,,,,,,,,,,,,,,,,,,,
c09ad983f,,,,,,,,,,,,,,,,,,,,,,,,
c0b2be5e2,,,,,,,,,,,,,,,,,,,,,,,,
c0f0f95f2,,,,,,,,,,,,,,,,,,,,,,,,
c114c6f1f,,,,,,,,,,,,,,,,,,,,,,,,
c15c9101d,,,,,,,,,,,,,,,,,,,,,,,,
c16cfd55c,,,,,,,,,,,,,,,,,,,,,,,,
c1a03fbc9,,,,,,,,,,,,,,,,,,,,,,,,
c1aeaf076,,,,,,,,,,,,,,,,,,,,,,,,
c1b64556b,,,,,,,,,,,,,,,,,,,,,,,,
c1de5e21b,,,,,,,,,,,,,,,,,,,,,,,,
c1f7ab813,,,,,,,,,,,,,,,,,,,,,,,,
c21502d65,,,,,,,,,,,,,,,,,,,,,,,,
c244af819,,,,,,,,,,,,,,,,,,,,,,,,
c25373670,,,,,,,,,,,,,,,,,,,,,,,,
c25ec8752,,,,,,,,,,,,,,,,,,,,,,,,
c264170c1,,,,,,,,,,,,,,,,,,,,,,,,
c2c6dec09,,,,,,,,,,,,,,,,,,,,,,,,
c2fdedea4,,,,,,,,,,,,,,,,,,,,,,,,
c324ce99e,,,,,,,,,,,,,,,,,,,,,,,,
c367c3185,,,,,,,,,,,,,,,,,,,,,,,,
c37841722,,,,,,,,,,,,,,,,,,,,,,,,
c37c8f55a,,,,,,,,,,,,,,,,,,,,,,,,
c3b011e36,,,,,,,,,,,,,,,,,,,,,,,,
c3bb31d1e,,,,,,,,,,,,,,,,,,,,,,,,
c3c3c41a1,,,,,,,,,,,,,,,,,,,,,,,,
c3c8b10e7,,,,,,,,,,,,,,,,,,,,,,,,
c3ce9d92e,,,,,,,,,,,,,,,,,,,,,,,,
c3dd81602,,,,,,,,,,,,,,,,,,,,,,,,
c40916152,,,,,,,,,,,,,,,,,,,,,,,,
c40947942,,,,,,,,,,,,,,,,,,,,,,,,
c44adba11,,,,,,,,,,,,,,,,,,,,,,,,
c455c0379,,,,,,,,,,,,,,,,,,,,,,,,
c46674bf3,,,,,,,,,,,,,,,,,,,,,,,,
c4d09de97,,,,,,,,,,,,,,,,,,,,,,,,
c4f0e1cbe,,,,,,,,,,,,,,,,,,,,,,,,
c52e564a3,,,,,,,,,,,,,,,,,,,,,,,,
c52ecc313,,,,,,,,,,,,,,,,,,,,,,,,
c534cb325,,,,,,,,,,,,,,,,,,,,,,,,
c57925f40,,,,,,,,,,,,,,,,,,,,,,,,
c5a915372,,,,,,,,,,,,,,,,,,,,,,,,
c5aecb0c6,,,,,,,,,,,,,,,,,,,,,,,,
c5c7b2c3e,,,,,,,,,,,,,,,,,,,,,,,,
c5cff3f95,,,,,,,,,,,,,,,,,,,,,,,,
c5dd94c2b,,,,,,,,,,,,,,,,,,,,,,,,
c5fb4b34a,,,,,,,,,,,,,,,,,,,,,,,,
c626ded1a,,,,,,,,,,,,,,,,,,,,,,,,
c689b8e14,,,,,,,,,,,,,,,,,,,,,,,,
c68ed5008,,,,,,,,,,,,,,,,,,,,,,,,
c69c0e1fa,,,,,,,,,,,,,,,,,,,,,,,,
c6da9a55c,,,,,,,,,,,,,,,,,,,,,,,,
c6ddbb5eb,,,,,,,,,,,,,,,,,,,,,,,,
c6e5b021b,,,,,,,,,,,,,,,,,,,,,,,,
c6f6bfd9a,,,,,,,,,,,,,,,,,,,,,,,,
c7137a61b,,,,,,,,,,,,,,,,,,,,,,,,
c74013905,,,,,,,,,,,,,,,,,,,,,,,,
c76e71637,,,,,,,,,,,,,,,,,,,,,,,,
c809e32ee,,,,,,,,,,,,,,,,,,,,,,,,
c816f8c4a,,,,,,,,,,,,,,,,,,,,,,,,
c81fbf688,,,,,,,,,,,,,,,,,,,,,,,,
c84571e6b,,,,,,,,,,,,,,,,,,,,,,,,
c84674265,,,,,,,,,,,,,,,,,,,,,,,,
c87e6c093,,,,,,,,,,,,,,,,,,,,,,,,
c8940032b,,,,,,,,,,,,,,,,,,,,,,,,
c8978bca8,,,,,,,,,,,,,,,,,,,,,,,,
c929cccf9,,,,,,,,,,,,,,,,,,,,,,,,
c97e91c75,,,,,,,,,,,,,,,,,,,,,,,,
c98dab184,,,,,,,,,,,,,,,,,,,,,,,,
c9b48c082,,,,,,,,,,,,,,,,,,,,,,,,
ca1195c23,,,,,,,,,,,,,,,,,,,,,,,,
ca1a97d48,,,,,,,,,,,,,,,,,,,,,,,,
ca2d9da76,,,,,,,,,,,,,,,,,,,,,,,,
ca3845296,,,,,,,,,,,,,,,,,,,,,,,,
ca43c05a1,,,,,,,,,,,,,,,,,,,,,,,,
ca46b4b44,,,,,,,,,,,,,,,,,,,,,,,,
ca489b9bc,,,,,,,,,,,,,,,,,,,,,,,,
ca812bded,,,,,,,,,,,,,,,,,,,,,,,,
cafaa9bb3,,,,,,,,,,,,,,,,,,,,,,,,
cb1086195,,,,,,,,,,,,,,,,,,,,,,,,
cb377d593,,,,,,,,,,,,,,,,,,,,,,,,
cb581925b,,,,,,,,,,,,,,,,,,,,,,,,
cc12c164e,,,,,,,,,,,,,,,,,,,,,,,,
cc43aafd5,,,,,,,,,,,,,,,,,,,,,,,,
cc6099493,,,,,,,,,,,,,,,,,,,,,,,,
cc6c652d8,,,,,,,,,,,,,,,,,,,,,,,,
cc705ea3e,,,,,,,,,,,,,,,,,,,,,,,,
cc8b02c4c,,,,,,,,,,,,,,,,,,,,,,,,
ccc266d64,,,,,,,,,,,,,,,,,,,,,,,,
ccd0913f9,,,,,,,,,,,,,,,,,,,,,,,,
ccd7aea6c,,,,,,,,,,,,,,,,,,,,,,,,
ccd967378,,,,,,,,,,,,,,,,,,,,,,,,
cce834136,,,,,,,,,,,,,,,,,,,,,,,,
cd0fc0526,,,,,,,,,,,,,,,,,,,,,,,,
cd1ec0e93,,,,,,,,,,,,,,,,,,,,,,,,
cd8264988,,,,,,,,,,,,,,,,,,,,,,,,
cda4b12ca,,,,,,,,,,,,,,,,,,,,,,,,
ce0af7c92,,,,,,,,,,,,,,,,,,,,,,,,
ce5ce56ec,,,,,,,,,,,,,,,,,,,,,,,,
ce7de2229,,,,,,,,,,,,,,,,,,,,,,,,
ce96f8da0,,,,,,,,,,,,,,,,,,,,,,,,
cf226fb2c,,,,,,,,,,,,,,,,,,,,,,,,
cf5049859,,,,,,,,,,,,,,,,,,,,,,,,
cf9c6a69c,,,,,,,,,,,,,,,,,,,,,,,,
cfa0c7bc7,,,,,,,,,,,,,,,,,,,,,,,,
cfc671af6,,,,,,,,,,,,,,,,,,,,,,,,
cfcaa0d30,,,,,,,,,,,,,,,,,,,,,,,,
cfd645571,,,,,,,,,,,,,,,,,,,,,,,,
cfe562fd4,,,,,,,,,,,,,,,,,,,,,,,,
d00545df6,,,,,,,,,,,,,,,,,,,,,,,,
d02a98312,,,,,,,,,,,,,,,,,,,,,,,,
d06fb8029,,,,,,,,,,,,,,,,,,,,,,,,
d07af8de1,,,,,,,,,,,,,,,,,,,,,,,,
d091c9fef,,,,,,,,,,,,,,,,,,,,,,,,
d0f940838,,,,,,,,,,,,,,,,,,,,,,,,
d10f7c765,,,,,,,,,,,,,,,,,,,,,,,,
d124d2341,,,,,,,,,,,,,,,,,,,,,,,,
d13658522,,,,,,,,,,,,,,,,,,,,,,,,
d183c5139,,,,,,,,,,,,,,,,,,,,,,,,
d18dfb229,,,,,,,,,,,,,,,,,,,,,,,,
d1c2afd66,,,,,,,,,,,,,,,,,,,,,,,,
d1c862f14,,,,,,,,,,,,,,,,,,,,,,,,
d1d0b5ae7,,,,,,,,,,,,,,,,,,,,,,,,
d208213b4,,,,,,,,,,,,,,,,,,,,,,,,
d25098fa5,,,,,,,,,,,,,,,,,,,,,,,,
d256f10a4,,,,,,,,,,,,,,,,,,,,,,,,
d265948a8,,,,,,,,,,,,,,,,,,,,,,,,
d26653e6e,,,,,,,,,,,,,,,,,,,,,,,,
d29135a0c,,,,,,,,,,,,,,,,,,,,,,,,
d2c0491c7,,,,,,,,,,,,,,,,,,,,,,,,
d2d098927,,,,,,,,,,,,,,,,,,,,,,,,
d2e60c46a,,,,,,,,,,,,,,,,,,,,,,,,
d2e8f7cff,,,,,,,,,,,,,,,,,,,,,,,,
d350e6681,,,,,,,,,,,,,,,,,,,,,,,,
d3577d12a,,,,,,,,,,,,,,,,,,,,,,,,
d3669f375,,,,,,,,,,,,,,,,,,,,,,,,
d38c33392,,,,,,,,,,,,,,,,,,,,,,,,
d3bcc137f,,,,,,,,,,,,,,,,,,,,,,,,
d3f5cde34,,,,,,,,,,,,,,,,,,,,,,,,
d40aa48c6,,,,,,,,,,,,,,,,,,,,,,,,
d428698b8,,,,,,,,,,,,,,,,,,,,,,,,
d429599c5,,,,,,,,,,,,,,,,,,,,,,,,
d48c4ec4b,,,,,,,,,,,,,,,,,,,,,,,,
d4c8e06c1,,,,,,,,,,,,,,,,,,,,,,,,
d4d76a533,,,,,,,,,,,,,,,,,,,,,,,,
d4e7f72cc,,,,,,,,,,,,,,,,,,,,,,,,
d4eaa6de3,,,,,,,,,,,,,,,,,,,,,,,,
d4fcd3fc0,,,,,,,,,,,,,,,,,,,,,,,,
d52dbc326,,,,,,,,,,,,,,,,,,,,,,,,
d55616e48,,,,,,,,,,,,,,,,,,,,,,,,
d56fff1e7,,,,,,,,,,,,,,,,,,,,,,,,
d570df0cc,,,,,,,,,,,,,,,,,,,,,,,,
d5723dd04,,,,,,,,,,,,,,,,,,,,,,,,
d5850c5af,,,,,,,,,,,,,,,,,,,,,,,,
d594a777d,,,,,,,,,,,,,,,,,,,,,,,,
d5aa31604,,,,,,,,,,,,,,,,,,,,,,,,
d5b103eff,,,,,,,,,,,,,,,,,,,,,,,,
d5d3a2f58,,,,,,,,,,,,,,,,,,,,,,,,
d5e535614,,,,,,,,,,,,,,,,,,,,,,,,
d63b86e1f,,,,,,,,,,,,,,,,,,,,,,,,
d63dbd458,,,,,,,,,,,,,,,,,,,,,,,,
d65996afa,,,,,,,,,,,,,,,,,,,,,,,,
d674c2e46,,,,,,,,,,,,,,,,,,,,,,,,
d67f3d10f,,,,,,,,,,,,,,,,,,,,,,,,
d6cd2c5d7,,,,,,,,,,,,,,,,,,,,,,,,
d6f43c3c4,,,,,,,,,,,,,,,,,,,,,,,,
d6ff984ea,,,,,,,,,,,,,,,,,,,,,,,,
d712a2f4a,,,,,,,,,,,,,,,,,,,,,,,,
d71ad12b0,,,,,,,,,,,,,,,,,,,,,,,,
d759cdce9,,,,,,,,,,,,,,,,,,,,,,,,
d7ce4d94e,,,,,,,,,,,,,,,,,,,,,,,,
d8166f299,,,,,,,,,,,,,,,,,,,,,,,,
d837bc4b1,,,,,,,,,,,,,,,,,,,,,,,,
d84d23af7,,,,,,,,,,,,,,,,,,,,,,,,
d85004494,,,,,,,,,,,,,,,,,,,,,,,,
d851f904a,,,,,,,,,,,,,,,,,,,,,,,,
d8530cb76,,,,,,,,,,,,,,,,,,,,,,,,
d88daeacd,,,,,,,,,,,,,,,,,,,,,,,,
d8ac4985b,,,,,,,,,,,,,,,,,,,,,,,,
d8adad0e5,,,,,,,,,,,,,,,,,,,,,,,,
d8da28fdc,,,,,,,,,,,,,,,,,,,,,,,,
d92a9e98d,,,,,,,,,,,,,,,,,,,,,,,,
d92c7a5f9,,,,,,,,,,,,,,,,,,,,,,,,
d9614dd6b,,,,,,,,,,,,,,,,,,,,,,,,
d9673a696,,,,,,,,,,,,,,,,,,,,,,,,
d990033c2,,,,,,,,,,,,,,,,,,,,,,,,
d99b7515d,,,,,,,,,,,,,,,,,,,,,,,,
d9a510159,,,,,,,,,,,,,,,,,,,,,,,,
d9b9bb18b,,,,,,,,,,,,,,,,,,,,,,,,
d9c9f2d19,,,,,,,,,,,,,,,,,,,,,,,,
d9e1b7c75,,,,,,,,,,,,,,,,,,,,,,,,
da2ddf423,,,,,,,,,,,,,,,,,,,,,,,,
da5225aa6,,,,,,,,,,,,,,,,,,,,,,,,
da55bc3a5,,,,,,,,,,,,,,,,,,,,,,,,
da8369082,,,,,,,,,,,,,,,,,,,,,,,,
daab0dff9,,,,,,,,,,,,,,,,,,,,,,,,
db07bcc28,,,,,,,,,,,,,,,,,,,,,,,,
db1ebfb45,,,,,,,,,,,,,,,,,,,,,,,,
db62684f1,,,,,,,,,,,,,,,,,,,,,,,,
dbe7b4a9d,,,,,,,,,,,,,,,,,,,,,,,,
dbed047eb,,,,,,,,,,,,,,,,,,,,,,,,
dc53c01f2,,,,,,,,,,,,,,,,,,,,,,,,
dc604c110,,,,,,,,,,,,,,,,,,,,,,,,
dc9dbde56,,,,,,,,,,,,,,,,,,,,,,,,
dcbbef5f3,,,,,,,,,,,,,,,,,,,,,,,,
dcf8ae30f,,,,,,,,,,,,,,,,,,,,,,,,
dd0368a3d,,,,,,,,,,,,,,,,,,,,,,,,
dd1a3daf8,,,,,,,,,,,,,,,,,,,,,,,,
dd242975e,,,,,,,,,,,,,,,,,,,,,,,,
dd32fb085,,,,,,,,,,,,,,,,,,,,,,,,
dd3b0750c,,,,,,,,,,,,,,,,,,,,,,,,
dd7895801,,,,,,,,,,,,,,,,,,,,,,,,
dd83d4812,,,,,,,,,,,,,,,,,,,,,,,,
dd83e36de,,,,,,,,,,,,,,,,,,,,,,,,
dd85c3076,,,,,,,,,,,,,,,,,,,,,,,,
ddae8255a,,,,,,,,,,,,,,,,,,,,,,,,
ddc1ceebf,,,,,,,,,,,,,,,,,,,,,,,,
ddc373f2f,,,,,,,,,,,,,,,,,,,,,,,,
ddcea6cb4,,,,,,,,,,,,,,,,,,,,,,,,
ddcf5519d,,,,,,,,,,,,,,,,,,,,,,,,
de02ee1f7,,,,,,,,,,,,,,,,,,,,,,,,
de0788349,,,,,,,,,,,,,,,,,,,,,,,,
de97f109e,,,,,,,,,,,,,,,,,,,,,,,,
deb830d16,,,,,,,,,,,,,,,,,,,,,,,,
dec754125,,,,,,,,,,,,,,,,,,,,,,,,
dec816e68,,,,,,,,,,,,,,,,,,,,,,,,
deeceda0d,,,,,,,,,,,,,,,,,,,,,,,,
df04ace9e,,,,,,,,,,,,,,,,,,,,,,,,
df092da53,,,,,,,,,,,,,,,,,,,,,,,,
df0c4bac4,,,,,,,,,,,,,,,,,,,,,,,,
df1359693,,,,,,,,,,,,,,,,,,,,,,,,
df3bedcf9,,,,,,,,,,,,,,,,,,,,,,,,
df3e5e9be,,,,,,,,,,,,,,,,,,,,,,,,
df3edba65,,,,,,,,,,,,,,,,,,,,,,,,
df5f47fcf,,,,,,,,,,,,,,,,,,,,,,,,
df605bc8a,,,,,,,,,,,,,,,,,,,,,,,,
dfa797445,,,,,,,,,,,,,,,,,,,,,,,,
e0146a9c5,,,,,,,,,,,,,,,,,,,,,,,,
e02f7ceb0,,,,,,,,,,,,,,,,,,,,,,,,
e04337cda,,,,,,,,,,,,,,,,,,,,,,,,
e063f3827,,,,,,,,,,,,,,,,,,,,,,,,
e08ff6790,,,,,,,,,,,,,,,,,,,,,,,,
e090ae5f4,,,,,,,,,,,,,,,,,,,,,,,,
e0a31e678,,,,,,,,,,,,,,,,,,,,,,,,
e0c86dc35,,,,,,,,,,,,,,,,,,,,,,,,
e0ed10df3,,,,,,,,,,,,,,,,,,,,,,,,
e10b5dc8d,,,,,,,,,,,,,,,,,,,,,,,,
e123734ab,,,,,,,,,,,,,,,,,,,,,,,,
e12aaac3c,,,,,,,,,,,,,,,,,,,,,,,,
e12ff7cf3,,,,,,,,,,,,,,,,,,,,,,,,
e16f89159,,,,,,,,,,,,,,,,,,,,,,,,
e170c9e82,,,,,,,,,,,,,,,,,,,,,,,,
e172b879e,,,,,,,,,,,,,,,,,,,,,,,,
e1cf2d84a,,,,,,,,,,,,,,,,,,,,,,,,
e1d96eeb2,,,,,,,,,,,,,,,,,,,,,,,,
e20702dd1,,,,,,,,,,,,,,,,,,,,,,,,
e209cae69,,,,,,,,,,,,,,,,,,,,,,,,
e2171433d,,,,,,,,,,,,,,,,,,,,,,,,
e27e2651a,,,,,,,,,,,,,,,,,,,,,,,,
e27f0ac43,,,,,,,,,,,,,,,,,,,,,,,,
e2c3dc310,,,,,,,,,,,,,,,,,,,,,,,,
e2e2bb171,,,,,,,,,,,,,,,,,,,,,,,,
e2f5ac479,,,,,,,,,,,,,,,,,,,,,,,,
e3612cada,,,,,,,,,,,,,,,,,,,,,,,,
e3cd63a21,,,,,,,,,,,,,,,,,,,,,,,,
e3dfd0503,,,,,,,,,,,,,,,,,,,,,,,,
e3ec88f36,,,,,,,,,,,,,,,,,,,,,,,,
e3faddc3c,,,,,,,,,,,,,,,,,,,,,,,,
e416a5eca,,,,,,,,,,,,,,,,,,,,,,,,
e41b84fa7,,,,,,,,,,,,,,,,,,,,,,,,
e45e758c1,,,,,,,,,,,,,,,,,,,,,,,,
e4cb4370c,,,,,,,,,,,,,,,,,,,,,,,,
e5078d068,,,,,,,,,,,,,,,,,,,,,,,,
e50f9f241,,,,,,,,,,,,,,,,,,,,,,,,
e512b33fb,,,,,,,,,,,,,,,,,,,,,,,,
e52fe0b41,,,,,,,,,,,,,,,,,,,,,,,,
e539e1a4d,,,,,,,,,,,,,,,,,,,,,,,,
e53ef2a35,,,,,,,,,,,,,,,,,,,,,,,,
e56187b03,,,,,,,,,,,,,,,,,,,,,,,,
e56fb8264,,,,,,,,,,,,,,,,,,,,,,,,
e57475890,,,,,,,,,,,,,,,,,,,,,,,,
e5848e7db,,,,,,,,,,,,,,,,,,,,,,,,
e5880f75c,,,,,,,,,,,,,,,,,,,,,,,,
e5b87fda5,,,,,,,,,,,,,,,,,,,,,,,,
e5ed0271d,,,,,,,,,,,,,,,,,,,,,,,,
e6353d64a,,,,,,,,,,,,,,,,,,,,,,,,
e68644d1e,,,,,,,,,,,,,,,,,,,,,,,,
e6cb26296,,,,,,,,,,,,,,,,,,,,,,,,
e751d4faa,,,,,,,,,,,,,,,,,,,,,,,,
e7acab4ef,,,,,,,,,,,,,,,,,,,,,,,,
e80456d8d,,,,,,,,,,,,,,,,,,,,,,,,
e81a06c38,,,,,,,,,,,,,,,,,,,,,,,,
e82c2e698,,,,,,,,,,,,,,,,,,,,,,,,
e8304fc82,,,,,,,,,,,,,,,,,,,,,,,,
e87005eb8,,,,,,,,,,,,,,,,,,,,,,,,
e8b49743b,,,,,,,,,,,,,,,,,,,,,,,,
e92ed71cb,,,,,,,,,,,,,,,,,,,,,,,,
e973505fd,,,,,,,,,,,,,,,,,,,,,,,,
e98831840,,,,,,,,,,,,,,,,,,,,,,,,
e9964f21c,,,,,,,,,,,,,,,,,,,,,,,,
e9d9c2ed8,,,,,,,,,,,,,,,,,,,,,,,,
e9eb91c10,,,,,,,,,,,,,,,,,,,,,,,,
ea0bd0265,,,,,,,,,,,,,,,,,,,,,,,,
ea29deb79,,,,,,,,,,,,,,,,,,,,,,,,
ea4e3b961,,,,,,,,,,,,,,,,,,,,,,,,
ea4e55fe5,,,,,,,,,,,,,,,,,,,,,,,,
ea6ca9f44,,,,,,,,,,,,,,,,,,,,,,,,
ea82be42b,,,,,,,,,,,,,,,,,,,,,,,,
eab0e3fb7,,,,,,,,,,,,,,,,,,,,,,,,
eac54ac53,,,,,,,,,,,,,,,,,,,,,,,,
eaf7140b0,,,,,,,,,,,,,,,,,,,,,,,,
eaf8a6d78,,,,,,,,,,,,,,,,,,,,,,,,
eafed0d41,,,,,,,,,,,,,,,,,,,,,,,,
eb1505c15,,,,,,,,,,,,,,,,,,,,,,,,
eb29ff0a5,,,,,,,,,,,,,,,,,,,,,,,,
eb733ca02,,,,,,,,,,,,,,,,,,,,,,,,
ebbdc0aa8,,,,,,,,,,,,,,,,,,,,,,,,
ec3106223,,,,,,,,,,,,,,,,,,,,,,,,
ec33806f2,,,,,,,,,,,,,,,,,,,,,,,,
ec59b0131,,,,,,,,,,,,,,,,,,,,,,,,
ec6d15316,,,,,,,,,,,,,,,,,,,,,,,,
ec7635962,,,,,,,,,,,,,,,,,,,,,,,,
eca7dbdb9,,,,,,,,,,,,,,,,,,,,,,,,
ece74e291,,,,,,,,,,,,,,,,,,,,,,,,
ecedeb42a,,,,,,,,,,,,,,,,,,,,,,,,
ecf35cd2c,,,,,,,,,,,,,,,,,,,,,,,,
ed03cf2b1,,,,,,,,,,,,,,,,,,,,,,,,
ed1b5e83c,,,,,,,,,,,,,,,,,,,,,,,,
ed2200f5d,,,,,,,,,,,,,,,,,,,,,,,,
ed3b6780f,,,,,,,,,,,,,,,,,,,,,,,,
ed4836885,,,,,,,,,,,,,,,,,,,,,,,,
ed4aed156,,,,,,,,,,,,,,,,,,,,,,,,
ed4d33cf9,,,,,,,,,,,,,,,,,,,,,,,,
ed75d36e1,,,,,,,,,,,,,,,,,,,,,,,,
ed872c356,,,,,,,,,,,,,,,,,,,,,,,,
edbc79f69,,,,,,,,,,,,,,,,,,,,,,,,
ede9f85c3,,,,,,,,,,,,,,,,,,,,,,,,
ee0b21eec,,,,,,,,,,,,,,,,,,,,,,,,
ee100683f,,,,,,,,,,,,,,,,,,,,,,,,
ee3ede2ae,,,,,,,,,,,,,,,,,,,,,,,,
ee7aa07f5,,,,,,,,,,,,,,,,,,,,,,,,
eeaa58e68,,,,,,,,,,,,,,,,,,,,,,,,
eeca6861f,,,,,,,,,,,,,,,,,,,,,,,,
eecc5a69d,,,,,,,,,,,,,,,,,,,,,,,,
eed029a50,,,,,,,,,,,,,,,,,,,,,,,,
eed2fda4e,,,,,,,,,,,,,,,,,,,,,,,,
ef028c4cb,,,,,,,,,,,,,,,,,,,,,,,,
ef22c51c1,,,,,,,,,,,,,,,,,,,,,,,,
ef3b3072f,,,,,,,,,,,,,,,,,,,,,,,,
ef4085501,,,,,,,,,,,,,,,,,,,,,,,,
ef7e71a06,,,,,,,,,,,,,,,,,,,,,,,,
efa3eba39,,,,,,,,,,,,,,,,,,,,,,,,
efbe09174,,,,,,,,,,,,,,,,,,,,,,,,
efc85723d,,,,,,,,,,,,,,,,,,,,,,,,
f01e4c27d,,,,,,,,,,,,,,,,,,,,,,,,
f02fd5721,,,,,,,,,,,,,,,,,,,,,,,,
f0414b329,,,,,,,,,,,,,,,,,,,,,,,,
f06305e5f,,,,,,,,,,,,,,,,,,,,,,,,
f084cfb08,,,,,,,,,,,,,,,,,,,,,,,,
f09063b60,,,,,,,,,,,,,,,,,,,,,,,,
f0d69d9ec,,,,,,,,,,,,,,,,,,,,,,,,
f0e7cc973,,,,,,,,,,,,,,,,,,,,,,,,
f0f10aafc,,,,,,,,,,,,,,,,,,,,,,,,
f105ed517,,,,,,,,,,,,,,,,,,,,,,,,
f11d9f3f2,,,,,,,,,,,,,,,,,,,,,,,,
f12c02275,,,,,,,,,,,,,,,,,,,,,,,,
f12c3e2b5,,,,,,,,,,,,,,,,,,,,,,,,
f13056bb4,,,,,,,,,,,,,,,,,,,,,,,,
f14dd7528,,,,,,,,,,,,,,,,,,,,,,,,
f16fe948f,,,,,,,,,,,,,,,,,,,,,,,,
f190afc1f,,,,,,,,,,,,,,,,,,,,,,,,
f19581927,,,,,,,,,,,,,,,,,,,,,,,,
f198ef7fb,,,,,,,,,,,,,,,,,,,,,,,,
f1993040c,,,,,,,,,,,,,,,,,,,,,,,,
f1bbcbe4f,,,,,,,,,,,,,,,,,,,,,,,,
f1cb8b958,,,,,,,,,,,,,,,,,,,,,,,,
f1cebcfc8,,,,,,,,,,,,,,,,,,,,,,,,
f1d3437eb,,,,,,,,,,,,,,,,,,,,,,,,
f24ffb800,,,,,,,,,,,,,,,,,,,,,,,,
f25752348,,,,,,,,,,,,,,,,,,,,,,,,
f275ae2a1,,,,,,,,,,,,,,,,,,,,,,,,
f36236393,,,,,,,,,,,,,,,,,,,,,,,,
f3a41f6ba,,,,,,,,,,,,,,,,,,,,,,,,
f3c162582,,,,,,,,,,,,,,,,,,,,,,,,
f3e23a0bf,,,,,,,,,,,,,,,,,,,,,,,,
f3e36f234,,,,,,,,,,,,,,,,,,,,,,,,
f401344d9,,,,,,,,,,,,,,,,,,,,,,,,
f40d5c50e,,,,,,,,,,,,,,,,,,,,,,,,
f434ff256,,,,,,,,,,,,,,,,,,,,,,,,
f47cd9739,,,,,,,,,,,,,,,,,,,,,,,,
f48c4b2ec,,,,,,,,,,,,,,,,,,,,,,,,
f4b13616b,,,,,,,,,,,,,,,,,,,,,,,,
f4b2e22d1,,,,,,,,,,,,,,,,,,,,,,,,
f4c84c0c9,,,,,,,,,,,,,,,,,,,,,,,,
f53f498fd,,,,,,,,,,,,,,,,,,,,,,,,
f543ef2c5,,,,,,,,,,,,,,,,,,,,,,,,
f55c35124,,,,,,,,,,,,,,,,,,,,,,,,
f58fbe074,,,,,,,,,,,,,,,,,,,,,,,,
f5a9fecf2,,,,,,,,,,,,,,,,,,,,,,,,
f5e5289ca,,,,,,,,,,,,,,,,,,,,,,,,
f5e540151,,,,,,,,,,,,,,,,,,,,,,,,
f60c26714,,,,,,,,,,,,,,,,,,,,,,,,
f642a538f,,,,,,,,,,,,,,,,,,,,,,,,
f6f84bcd2,,,,,,,,,,,,,,,,,,,,,,,,
f70171c3d,,,,,,,,,,,,,,,,,,,,,,,,
f72efada4,,,,,,,,,,,,,,,,,,,,,,,,
f75655bc2,,,,,,,,,,,,,,,,,,,,,,,,
f7de3f0e1,,,,,,,,,,,,,,,,,,,,,,,,
f7df59dda,,,,,,,,,,,,,,,,,,,,,,,,
f7e51bd7e,,,,,,,,,,,,,,,,,,,,,,,,
f7fe17f88,,,,,,,,,,,,,,,,,,,,,,,,
f8022764e,,,,,,,,,,,,,,,,,,,,,,,,
f81ce177a,,,,,,,,,,,,,,,,,,,,,,,,
f88b1f59f,,,,,,,,,,,,,,,,,,,,,,,,
f8d422966,,,,,,,,,,,,,,,,,,,,,,,,
f8f5a95ca,,,,,,,,,,,,,,,,,,,,,,,,
f9148a8ef,,,,,,,,,,,,,,,,,,,,,,,,
f96e2663e,,,,,,,,,,,,,,,,,,,,,,,,
f97150bf4,,,,,,,,,,,,,,,,,,,,,,,,
f9941860c,,,,,,,,,,,,,,,,,,,,,,,,
f9a8940ff,,,,,,,,,,,,,,,,,,,,,,,,
f9bade97d,,,,,,,,,,,,,,,,,,,,,,,,
f9e9b462b,,,,,,,,,,,,,,,,,,,,,,,,
fa3ed998b,,,,,,,,,,,,,,,,,,,,,,,,
fa7786615,,,,,,,,,,,,,,,,,,,,,,,,
fa7bc743b,,,,,,,,,,,,,,,,,,,,,,,,
fa7ce7b2f,,,,,,,,,,,,,,,,,,,,,,,,
fa96f94e3,,,,,,,,,,,,,,,,,,,,,,,,
facb4aff7,,,,,,,,,,,,,,,,,,,,,,,,
fb1d5a6ad,,,,,,,,,,,,,,,,,,,,,,,,
fb30074f7,,,,,,,,,,,,,,,,,,,,,,,,
fb9acef53,,,,,,,,,,,,,,,,,,,,,,,,
fb9b1956c,,,,,,,,,,,,,,,,,,,,,,,,
fbaf23ce7,,,,,,,,,,,,,,,,,,,,,,,,
fbd233231,,,,,,,,,,,,,,,,,,,,,,,,
fc168108c,,,,,,,,,,,,,,,,,,,,,,,,
fc3ce6808,,,,,,,,,,,,,,,,,,,,,,,,
fc3da4ece,,,,,,,,,,,,,,,,,,,,,,,,
fc586a179,,,,,,,,,,,,,,,,,,,,,,,,
fc58d91a7,,,,,,,,,,,,,,,,,,,,,,,,
fc778390c,,,,,,,,,,,,,,,,,,,,,,,,
fc9952787,,,,,,,,,,,,,,,,,,,,,,,,
fcaf434a5,,,,,,,,,,,,,,,,,,,,,,,,
fcb77a2b5,,,,,,,,,,,,,,,,,,,,,,,,
fccf36014,,,,,,,,,,,,,,,,,,,,,,,,
fcd2c3ef1,,,,,,,,,,,,,,,,,,,,,,,,
fcf117a1b,,,,,,,,,,,,,,,,,,,,,,,,
fd15ef1fb,,,,,,,,,,,,,,,,,,,,,,,,
fd29d2de9,,,,,,,,,,,,,,,,,,,,,,,,
fd50e03f6,,,,,,,,,,,,,,,,,,,,,,,,
fd93fb244,,,,,,,,,,,,,,,,,,,,,,,,
fd9ce9c83,,,,,,,,,,,,,,,,,,,,,,,,
fdcfb05e6,,,,,,,,,,,,,,,,,,,,,,,,
fdd48b264,,,,,,,,,,,,,,,,,,,,,,,,
fddd93e7c,,,,,,,,,,,,,,,,,,,,,,,,
fe0745316,,,,,,,,,,,,,,,,,,,,,,,,
fe1fcc638,,,,,,,,,,,,,,,,,,,,,,,,
fe3f68ca9,,,,,,,,,,,,,,,,,,,,,,,,
fe53dbb7a,,,,,,,,,,,,,,,,,,,,,,,,
fe5537a7c,,,,,,,,,,,,,,,,,,,,,,,,
fe906041f,,,,,,,,,,,,,,,,,,,,,,,,
fe9ddf24e,,,,,,,,,,,,,,,,,,,,,,,,
fea7d7c01,,,,,,,,,,,,,,,,,,,,,,,,
feaf9f043,,,,,,,,,,,,,,,,,,,,,,,,
febd0eaef,,,,,,,,,,,,,,,,,,,,,,,,
fece28dd3,,,,,,,,,,,,,,,,,,,,,,,,
ff067e3b6,,,,,,,,,,,,,,,,,,,,,,,,
ff0b6944e,,,,,,,,,,,,,,,,,,,,,,,,
ff523f7b4,,,,,,,,,,,,,,,,,,,,,,,,
ff6756879,,,,,,,,,,,,,,,,,,,,,,,,
ff68f3ac3,,,,,,,,,,,,,,,,,,,,,,,,
ff973e852,,,,,,,,,,,,,,,,,,,,,,,,
ffa5cf6d6,,,,,,,,,,,,,,,,,,,,,,,,
ffa88cbb8,,,,,,,,,,,,,,,,,,,,,,,,
ffda5d7b3,,,,,,,,,,,,,,,,,,,,,,,,
